name,file,platform,sequence,vol_min,vol_max,dist_min,dist_max,limit_count,limit_type,entity_limit_count,entity_limit_type,bus,volume_min_falloff_curve,volumefalloffcurve,reverb_send,dist_reverb_max,reverb_min_falloff_curve,reverb_falloff_curve,pitch_min,pitch_max,randomize_type,spatialized,type,probability,loop,masterslave,loadspec,subtitle,compression,secondaryaliasname,chainaliasname,startdelay,speakermap,lfe percentage,center percentage,envelop_min,envelop_max,envelop percentage,occlusion_level,occlusion_wet_dry,real_delay,distance_lpf,move_type,move_time,min_priority,max_priority,min_priority_threshold,max_priority_threshold,,isbig
,,,,,,,,,,,,,,,,,,,,,,,,,,,,,,,,,,,,,,,,,,,,,,,,,,
# Footsteps,,,,,,,,,,,,,,,,,,,,,,,,,,,,,,,,,,,,,,,,,,,,,,,,,,
# Music,,,,,,,,,,,,,,,,,,,,,,,,,,,,,,,,,,,,,,,,,,,,,,,,,,
MX_intro_stg,Stream/Music/Mission/Ber2/mx_intro_stg.wav,,,1,1,,,,,,,music,,,,,,,,,,2d,streamed,,,,,,,,,,music_all,,,,,,0,,,,,,100,100,0.25,1,,
mx_zombie_wave_1,Stream\Music\Mission\zombie\mx_wave_1.wav,,,0.1,0.1,,,,,,,music,,,0,,,,,,,2d,streamed,,looping,,,,,,,,,,,,,,0,,,,,,100,100,0.25,1,,
mx_game_over,Stream\Music\Mission\zombie\mx_game_over_4.wav,,,1,1,,,,,,,music,,,0,,,,,,,2d,streamed,,,,,,,,,primed,music_all,,,,,,0,,,,,,100,100,0.25,1,,
#mx_last_zombie,Stream\Music\Mission\zombie\mx_freaking_kiters.wav,,,0.45,0.45,,,,,,,music,,,0,,,,,,,2d,streamed,,looping,,,,,,,,,,,,,,0,,,,,,100,100,0.25,1,,
#bg_zombie_madness,Stream\Level\zombie\bgs\bg_zombie_madness.wav,,,0,0,,,1,reject,,,music,,,,,,,,,,2d,streamed,,,,,,,,,,wpn_all,,,,,,0,,,,,,100,100,0.25,1,,
,,,,,,,,,,,,,,,,,,,,,,,,,,,,,,,,,,,,,,,,,,,,,,,,,,
mx_dog_wave,Stream\Music\Mission\zombie\mx_dog_wave.wav,,,0,0,,,,,,,music,,,0,,,,,,,2d,streamed,,looping,,,,,,,7000,music_all,,,,,,0,,,,,,100,100,0.25,1,,
mx_eggs,Stream\Music\Mission\zombie\mx_beauty.wav,,,1,1,,,,,,,music,,,0,,,,,,,2d,streamed,,,,,,,,,,music_all,,,,,,0,,,,,,100,100,0.25,1,,
,,,,,,,,,,,,,,,,,,,,,,,,,,,,,,,,,,,,,,,,,,,,,,,,,,
mx_splash_screen,Stream\Music\Mission\zombie\mx_splash_screen.wav,,,1,1,,,,,,,music,,,0,,,,,,,2d,streamed,,,master,,,,,,,music_all,,,,,,,,,,,,90,90,0.25,1,,
,,,,,,,,,,,,,,,,,,,,,,,,,,,,,,,,,,,,,,,,,,,,,,,,,,
mx_revive_jingle,SFX\Levels\zombie\perksacola\jingle\revive_jingle.wav,,,1,1,50,500,,,,,full_vol,,,0.8,1800,,curve0,1,1,,3d,streamed,,,,,,,,,,,,,100,200,0.5,0.25,,,,,,90,90,0.25,1,,
mx_jugger_jingle,SFX\Levels\zombie\perksacola\jingle\jugga_jingle.wav,,,1,1,50,500,,,,,full_vol,,,0.8,1800,,curve0,1,1,,3d,streamed,,,,,,,,,,,,,100,200,0.5,0.25,,,,,,90,90,0.25,1,,
mx_doubletap_jingle,SFX\Levels\zombie\perksacola\jingle\doubletap_jingle.wav,,,1,1,50,500,,,,,full_vol,,,0.8,1800,,curve0,1,1,,3d,streamed,,,,,,,,,,,,,100,200,0.5,0.25,,,,,,90,90,0.25,1,,
mx_speed_jingle,SFX\Levels\zombie\perksacola\jingle\speed_jingle.wav,,,1,1,50,500,,,,,full_vol,,,0.8,1800,,curve0,1,1,,3d,streamed,,,,,,,,,,,,,100,200,0.5,0.25,,,,,,90,90,0.25,1,,
mx_packa_jingle,SFX\Levels\zombie\perksacola\jingle\packa_jingle.wav,,,1,1,50,500,,,,,full_vol,,,0.8,1800,,curve0,1,1,,3d,streamed,,,,,,,,,,,,,100,200,0.5,0.25,,,,,,90,90,0.25,1,,
,,,,,,,,,,,,,,,,,,,,,,,,,,,,,,,,,,,,,,,,,,,,,,,,,,
mx_revive_sting,SFX\Levels\zombie\perksacola\jingle\revive_sting.wav,,,1,1,50,800,,,,,full_vol,,,0.8,1800,,curve0,1,1,,3d,,,,,,,,,,,,,,100,200,0.5,0.15,,,,,,90,90,0.25,1,,
mx_jugger_sting,SFX\Levels\zombie\perksacola\jingle\jugga_sting.wav,,,1,1,50,800,,,,,full_vol,,,0.8,1800,,curve0,1,1,,3d,,,,,,,,,,,,,,100,200,0.5,0.15,,,,,,90,90,0.25,1,,
mx_doubletap_sting,SFX\Levels\zombie\perksacola\jingle\double_sting.wav,,,1,1,50,800,,,,,full_vol,,,0.8,1800,,curve0,1,1,,3d,,,,,,,,,,,,,,100,200,0.5,0.15,,,,,,90,90,0.25,1,,
mx_speed_sting,SFX\Levels\zombie\perksacola\jingle\speed_sting.wav,,,1,1,50,800,,,,,full_vol,,,0.8,1800,,curve0,1,1,,3d,,,,,,,,,,,,,,100,200,0.5,0.15,,,,,,90,90,0.25,1,,
mx_packa_sting,SFX\Levels\zombie\perksacola\jingle\packa_sting.wav,,,1,1,50,800,,,,,full_vol,,,0.8,1800,,curve0,1,1,,3d,,,,,,,,,,,,,,100,200,0.5,0.15,,,,,,90,90,0.25,1,,
,,,,,,,,,,,,,,,,,,,,,,,,,,,,,,,,,,,,,,,,,,,,,,,,,,
,,,,,,,,,,,,,,,,,,,,,,,,,,,,,,,,,,,,,,,,,,,,,,,,,,
dog_round_start,SFX\Levels\zombie\dog_round\dog_round_start.wav,,,1,1,50,800,,,,,full_vol,,,0.8,1800,,curve0,1,1,,2d,,,,,,,,,,,music_all,,,100,200,0.5,0.15,,,,,,90,90,0.25,1,,
dark_sting,Stream\Music\Mission\zombie\mx_dark_sting.wav,,,1,1,50,800,,,,,full_vol,,,0.8,1800,,curve0,1,1,,2d,,,,,,,,,,,music_all,,,100,200,0.5,0.15,,,,,,90,90,0.25,1,,
bright_sting,Stream\Music\Mission\zombie\mx_dog_end.wav,,,1,1,50,800,,,,,full_vol,,,0.8,1800,,curve0,1,1,,2d,streamed,,,,,,,,,1250,music_all,,,100,200,0.5,0.15,,,,,,90,90,0.25,1,,
,,,,,,,,,,,,,,,,,,,,,,,,,,,,,,,,,,,,,,,,,,,,,,,,,,
,,,,,,,,,,,,,,,,,,,,,,,,,,,,,,,,,,,,,,,,,,,,,,,,,,
,,,,,,,,,,,,,,,,,,,,,,,,,,,,,,,,,,,,,,,,,,,,,,,,,,
# ZOMBIES,,,,,,,,,,,,,,,,,,,,,,,,,,,,,,,,,,,,,,,,,,,,,,,,,,
fire_manager_0,SFX/Destruction/fires/dynamic/dyn_fire_00.wav,,,1,1,50,500,,,,,ambience,,,,850,,curve2,1,1,,3d,,,looping,,,,,,,,,,,,,,,,,,,,25,80,0.25,1,,
fire_manager_1,SFX/Destruction/fires/dynamic/dyn_fire_00.wav,,,1,1,50,500,,,,,ambience,,,,850,,curve2,1,1,,3d,,,looping,,,,,,,,,,,,,,,,,,,,25,80,0.25,1,,
fire_manager_2,SFX/Destruction/fires/dynamic/dyn_fire_00.wav,,,1,1,50,500,,,,,ambience,,,,850,,curve2,1,1,,3d,,,looping,,,,,,,,,,,,,,,,,,,,25,80,0.25,1,,
fire_manager_3,SFX/Destruction/fires/dynamic/dyn_fire_00.wav,,,1,1,50,500,,,,,ambience,,,,850,,curve2,1,1,,3d,,,looping,,,,,,,,,,,,,,,,,,,,25,80,0.25,1,,
,,,,,,,,,,,,,,,,,,,,,,,,,,,,,,,,,,,,,,,,,,,,,,,,,,
#Dog Round,,,,,,,,,,,,,,,,,,,,,,,,,,,,,,,,,,,,,,,,,,,,,,,,,,
bolt,SFX\Levels\zombie\dog_round\strikes\strikes_00.wav,,,1.00,1.00,2500,8000,,,,,full_vol,,curve4,,10000,,,0.8,1.3,,3d,,,,,,,,,,,,,,,,,0,,,no,,,80,80,0.25,1,,
spawn,SFX\Levels\zombie\dog_round\spawn\spawn_01.wav,,,1.00,1.00,1000,8000,,,,,full_vol,,curve4,,10000,,,0.9,1.1,,3d,,,,,,,,spawn_flux_l,,,,,,,,,0,,,no,,,80,80,0.25,1,,
pre_spawn,SFX\Levels\zombie\dog_round\spawn\pre_spawn.wav,,,1.00,1.00,1000,8000,,,,,full_vol,,curve4,,10000,,,0.9,1.1,,3d,,,,,,,,,,,,,,,,,0,,,no,,,80,80,0.25,1,,
spawn_flux_l,SFX\Levels\zombie\dog_round\flux\spn_flux_l.wav,,,0.50,0.50,50,2000,,,,,full_vol,,curve2,,,,,0.9,1,,3d,,,,,,,,spawn_flux_r,,500,,,,,,,0,,,no,left_player,4,80,80,0.25,1,,
spawn_flux_r,SFX\Levels\zombie\dog_round\flux\spn_flux_r.wav,,,0.50,0.50,50,2000,,,,,full_vol,,curve2,,,,,1,1.1,,3d,,,,,,,,,,500,,,,,,,0,,,no,right_player,4,80,80,0.25,1,,
,,,,,,,,,,,,,,,,,,,,,,,,,,,,,,,,,,,,,,,0,,,,,,,,,,,
# Announcer,,,,,,,,,,,,,,,,,,,,,,,,,,,,,,,,,,,,,,,,,,,,,,,,,,
dp_vox,voiceovers\zombie\ANN\ANN_DoublePoints.wav,,,1,1,50,2500,1,reject,1,reject,voice,,curve2,,,,,1.2,1.2,,2d,,,,master,,,,,,1000,wpn_all,,,,,,,,,,,,100,100,0.25,1,,
insta_vox,voiceovers\zombie\ANN\ANN_InstaKill.wav,,,1,1,50,2500,1,reject,1,reject,voice,,curve2,,,,,1.2,1.2,,2d,,,,master,,,,,,1000,wpn_all,,,,,,,,,,,,100,100,0.25,1,,
ma_vox,voiceovers\zombie\ANN\ANN_MaxAmmo.wav,,,1,1,50,2500,1,reject,1,reject,voice,,curve2,,,,,1.2,1.2,,2d,,,,master,,,,,,1000,wpn_all,,,,,,,,,,,,100,100,0.25,1,,
nuke_vox,voiceovers\zombie\ANN\ANN_Nuke.wav,,,1,1,50,2500,1,reject,1,reject,voice,,curve2,,,,,1.2,1.2,,2d,,,,master,,,,,,,wpn_all,,,,,,,,,,,,100,100,0.25,1,,
carp_vox,voiceovers\zombie\ANN\ANN_carpenter.wav,,,1,1,50,2500,1,reject,1,reject,voice,,curve2,,,,,1,1,,2d,,,,master,,,,,,1000,wpn_all,,,,,,,,,,,,100,100,0.25,1,,
ann_vox_killstreak,null.wav,,,0,0,50,2500,8,reject,1,reject,voice,,curve2,,,,,1,1,,2d,,,,master,,,,,,,wpn_all,,,,,,,,,,,,10,25,0.25,1,,
ann_vox_levelstart,voiceovers\zombie\ANN\ANN_special_levelstart_00.wav,,,1,1,50,2500,8,reject,1,reject,voice,,curve2,,,,,1,1,,2d,,,,master,,,,,,1000,wpn_all,,,,,,,,,,,,10,25,0.25,1,,
ann_vox_levelstart_b,voiceovers\zombie\ANN\ANN_special_levelstart_01.wav,,,1,1,50,2500,8,reject,1,reject,voice,,curve2,,,,,1,1,,2d,,,,master,,,,,,1000,wpn_all,,,,,,,,,,,,10,25,0.25,1,,
ann_vox_magicbox,voiceovers\zombie\ANN\ANN_special_magicbox_full.wav,,,1,1,50,2500,8,reject,1,reject,voice,,curve2,,,,,1,1,,2d,,,,master,,,,,,1000,wpn_all,,,,,,,,,,,,10,25,0.25,1,,
ann_vox_laugh_l,SFX\Levels\zombie\new_zombie_vox\laugh\vox_laugh_left.wav,,,1,1,350,2250,8,reject,1,reject,voice,,curve3,,,,,1,1,,3d,,,,master,,,,ann_vox_laugh_r,,800,,,,,,,0,,,,left_player,8,100,100,0.25,1,,
ann_vox_laugh_r,SFX\Levels\zombie\new_zombie_vox\laugh\vox_laugh_right.wav,,,1,1,350,2250,8,reject,1,reject,voice,,curve3,,,,,1,1,,3d,,,,master,,,,,,1000,,,,,,,0,,,,right_player,8,100,100,0.25,1,,
ann_vox_dog_left,voiceovers\zombie\ANN\ANN_Dog_Start_L.wav,,,1,1,350,2500,1,reject,1,reject,full_vol,,curve2,,3850,,,1,1,,3d,streamed,,,,,,,,,,,,,,,,0,,,,left_player,6,100,100,0.25,1,,
ann_vox_dog_right,voiceovers\zombie\ANN\ANN_Dog_Start_R.wav,,,1,1,350,2500,1,reject,1,reject,full_vol,,curve2,,3850,,,1,1,,3d,streamed,,,,,,,,,,,,,,,,0,,,,right_player,6,100,100,0.25,1,,
ann_vox_dog_start,voiceovers\zombie\ANN\ANN_Dog_Start_VOX_b.wav,,,1,1,350,2500,1,reject,1,reject,full_vol,,curve2,,3850,,,1,1,,2d,,,,master,,,,,,,wpn_all,,,50,558,0.5,0,,,,,,100,100,0.25,1,,
,,,,,,,,,,,,,,,,,,,,,,,,,,,,,,,,,,,,,,,,,,,,,,,,,,
#ZOMBIE SFX,,,,,,,,,,,,,,,,,,,,,,,,,,,,,,,,,,,,,,,,,,,,,,,,,,
amb_vocals,SFX\Levels\zombie\new_zombie_vox\ambient_##,,,0.35,0.65,50,1850,4,priority,1,reject,voice,,curve3,0.8,4000,,curve1,1,1.1,,3d,,,,0.7,,,,,,,,,,,,,0.5,,,,,,10,25,0.25,1,,
board_vocals,SFX\Levels\zombie\new_zombie_vox\attack_##,,,0.5,0.6,150,1000,3,priority,1,reject,voice,,curve3,0.8,3500,,curve1,1,1.1,,3d,,,,0.7,,,,,,,,,,,,,0.5,,,,,,10,25,0.25,1,,
attack_vocals,SFX\Levels\zombie\new_zombie_vox\attack_##,,,1,1,200,1000,2,priority,1,reject,voice,,,0.8,1200,,curve2,1,1.1,,3d,,,,,,,,,,,,,,75,250,0.75,0.15,,,no,,,70,90,0.25,1,,
#attack_vocals_close,SFX\Levels\zombie\new_zombie_vox\attack_##,,,1,1,50,150,4,priority,1,reject,voice,,,0.8,2500,,curve1,1,1.1,,3d,,,,0.7,,,,,,,,,,,,,0.1,,,no,,,70,90,0.25,1,,
sprint_vocals,SFX\Levels\zombie\new_zombie_vox\n\sprint_##,,,0.7,0.8,150,1500,4,priority,1,reject,voice,,,0.8,1250,,curve1,1,1.1,,3d,,,,0.7,,,,,,,,,,,,,0.15,,,,,,60,70,0.25,1,,
behind_vocals,SFX\Levels\zombie\new_zombie_vox\behind_##,,,1,1,150,450,2,reject,1,reject,voice,,,1,500,,curve1,1,1.1,,3d,,,,,,,,,,,,,,,,,0.25,,,no,,,70,90,0.25,1,,
elec_vocals,SFX\Levels\zombie\new_zombie_vox\elec_##,,,1,1,250,1000,3,priority,1,reject,voice,,,0.8,1200,,curve2,1,1.1,,3d,,,,,,,,,,,,,,75,250,0.75,0.15,,,no,,,70,90,0.25,1,,
taunt_vocals,SFX\Levels\zombie\new_zombie_vox\taunt_##,,,0.85,1,250,1000,3,priority,1,reject,voice,,,0.8,1200,,curve2,1,1.1,,3d,,,,0.7,,,,,,,,,,,,,0.15,,,no,,,50,60,0.25,1,,
flogger_vocals,SFX\Levels\zombie\new_zombie_vox\flogger_##,,,0.9,1,75,1000,2,reject,1,reject,voice,,,0.8,1200,,curve2,1,1.1,,3d,,,,,,,,,,,,,,75,250,0.75,0.15,,,no,,,70,90,0.25,1,,
zombie_fall,SFX\Levels\zombie\zombie_fall_##,,,0.75,1,50,500,2,priority,1,reject,voice,,,0.8,750,,curve2,1,1.1,,3d,,,,,,,,,,,,,,,,,0.5,,,,,,20,35,0.25,1,,
death_vocals,SFX\Levels\zombie\new_zombie_vox\death_##,,,0.75,1,75,1000,2,priority,1,reject,voice,,,0.8,1200,,curve2,1,1.1,,3d,,,,,,,,,,,,,,75,250,0.75,0.15,,,no,,,70,90,0.25,1,,
,,,,,,,,,,,,,,,,,,,,,,,,,,,,,,,,,,,,,,,,,,,,,,,,,,
taunt_vocals_fiveb,SFX\Levels\zombie\new_zombie_vox\elec\elec_01.wav,,,1,1,50,1250,4,priority,1,reject,voice,,curve3,0.8,3500,,curve1,1,1.1,,3d,,,,0.7,,,,,,,,,,,,,0.5,,,,,,10,25,0.25,1,,
taunt_vocals_fivef,SFX\Levels\zombie\new_zombie_vox\elec\elec_05.wav,,,1,1,150,1300,4,priority,1,reject,voice,,curve3,0.8,3500,,curve1,1,1.1,,3d,,,,0.7,,,,,,,,,,,,,0.5,,,,,,10,25,0.25,1,,
taunt_vocals_nine,SFX\Levels\zombie\new_zombie_vox\taunt\taunt_04.wav,,,1,1,50,1250,4,priority,1,reject,voice,,curve3,0.8,3500,,curve1,1,1.1,,3d,,,,0.7,,,,,,,,,,,,,0.5,,,,,,10,25,0.25,1,,
taunt_vocals_eleven,\SFX\Levels\zombie\new_zombie_vox\spec_taunt\spec_taunt.wav,,,1,1,50,1250,4,priority,1,reject,voice,,curve3,0.8,3500,,curve1,1,1.1,,3d,,,,0.7,,,,,,,,,,,,,0.5,,,,,,10,25,0.25,1,,
,,,,,,,,,,,,,,,,,,,,,,,,,,,,,,,,,,,,,,,,,,,,,,,,,,
,,,,,,,,,,,,,,,,,,,,,,,,,,,,,,,,,,,,,,,,,,,,,,,,,,
crawl_vocals,SFX\Levels\zombie\new_zombie_vox\crawl_##,,,1,1,75,500,,,1,reject,voice,,,0.8,1500,,curve2,0.8,1.2,,3d,,0.7,,0.7,,,,,,,,,,,,,0.5,,,,,,60,70,0.25,1,,
crawl_vocals_slow,SFX\Levels\zombie\new_zombie_vox\crawl_##,,,1,1,75,500,,,1,reject,voice,,,0.8,1500,,curve2,0.8,1.2,,3d,,,,0.7,,,,,,,,,,,,,0.5,,,,,,60,70,0.25,1,,
crawl_hands,SFX\Levels\zombie\zombie_crawl\crawl_##,,,1,1,75,550,5,oldest,,,voice,,,0.8,700,,curve2,0.94,1.2,,3d,,,,0.7,,,,,,,,,,,,,0.5,,,,,,60,70,0.25,1,,
,,,,,,,,,,,,,,,,,,,,,,,,,,,,,,,,,,,,,,,,,,,,,,,,,,
attack_whoosh,SFX\Levels\zombie\whoosh_##,,,0.8,1,250,500,2,reject,,,full_vol,,,,500,,curve2,0.85,1.2,,3d,,,,0.7,,,,,,,,,,75,355,0.9,0.5,,,,,,40,60,0.25,1,,
step_zombie,SFX\Levels\zombie\steps_##,,,0.35,0.55,100,800,,,2,priority,full_vol,,,,2000,,curve2,0.85,1.2,,3d,,,,0.7,,,,,,,,,,,,,0.5,,,,,,10,20,0.25,1,,
step_sweetner,null.wav,,,0.2,0.35,50,300,2,priority,,,full_vol,,,,1000,,curve2,0.85,1.2,,3d,,,,0.7,,,,,,,,,,,,,0.5,,,,,,20,50,0.25,1,,
,,,,,,,,,,,,,,,,,,,,,,,,,,,,,,,,,,,,,,,,,,,,,,,,,,
remove_boards,SFX\Levels\zombie\windows_##,,,0.75,0.75,500,3800,8,reject,,,full_vol,,,,4800,,curve2,0.85,1.2,,3d,,,,,,,,,,,,,,,,,0.5,,,,,,90,100,0.25,1,,
,,,,,,,,,,,,,,,,,,,,,,,,,,,,,,,,,,,,,,,,,,,,,,,,,,
break_boards,SFX\Levels\zombie\wood_snap_##,,,1,1,1000,5000,8,reject,,,full_vol,,,,4000,,curve2,0.85,1.2,,3d,,,,,,,,,,,,,,,,,0.05,,,,,,90,100,0.25,1,,
repair_boards,SFX\Levels\zombie\wood_repair_##,,,1,1,250,2500,3,oldest,,,full_vol,,,,4000,,curve2,1,1,,3d,,,,,,,,,,,,,,,,,0.5,,,,,,80,90,0.25,1,,
,,,,,,,,,,,,,,,,,,,,,,,,,,,,,,,,,,,,,,,,,,,,,,,,,,
cha_ching,SFX\Levels\zombie\buy_generic\buy_generic.wav,,,1,1,250,2500,1,oldest,,,full_vol,,,,4000,,curve2,1,1,,3d,,,,,,,,,,,,,,,,,0.5,,,,,,100,100,0.25,1,,
no_cha_ching,SFX\Levels\zombie\buy_generic\no_cha_ching.wav,,,1,1,250,2500,1,oldest,,,full_vol,,,,4000,,curve2,1,1,,3d,,,,,,,,,,,,,,,,,0.5,,,,,,100,100,0.25,1,,
bomb_falloff,SFX/Destruction/Explosion_Falloff_##,,,1,1,,,8,reject,,,full_vol,,,,,,,0.94,1.04,,2d,,,,,,,,,,,wpn_all,,,,,,,,,,,,100,100,0.25,1,,
,,,,,,,,,,,,,,,,,,,,,,,,,,,,,,,,,,,,,,,,,,,,,,,,,,
break_stone,SFX\Levels\zombie\stone\stone_break_##,,,0.75,0.75,500,3800,8,reject,,,full_vol,,,,4000,,curve2,0.85,1.2,,3d,,,,,,,,,,,,,,,,,0.05,,,,,,90,100,0.25,1,,
,,,,,,,,,,,,,,,,,,,,,,,,,,,,,,,,,,,,,,,,,,,,,,,,,,
door_deny,SFX\Levels\zombie\maps\asylum\door\deny_##,,,1,1,50,800,8,reject,,,full_vol,,,,1000,,curve2,0.9,1.1,,3d,,,,,,,,,,,,,,,,,0.05,,,,,,90,100,0.25,1,,
#OTHER SFX,,,,,,,,,,,,,,,,,,,,,,,,,,,,,,,,,,,,,,,,,,,,,,,,,,
boards_float,SFX\Levels\zombie\boards_float\boards_float.wav,,,0.2,0.2,250,2500,3,oldest,,,full_vol,,,,4000,,curve2,1,1,,3d,,,,,,,,,,,wpn_all,,,,,,,,,,,,40,60,0.25,1,,
board_slam,SFX\Levels\zombie\board_slam_##,,,1,1,250,2500,,,,,full_vol,,,,4000,,curve2,0.9,1.1,,3d,,,,,,,,,,,,,,,,,,,,,,,40,60,0.25,1,,
couch_slam,SFX\Levels\zombie\couch_slam_##,,,1,1,1000,4000,1,reject,,,full_vol,,,,4000,,curve2,0.9,1.1,,3d,,,,,,,,lightning_l,,,,,,,,,,,,,,,40,60,0.25,1,,yes
lightning_l,SFX\Levels\zombie\couch_move\couch_move_left.wav,,,0.65,0.65,300,1850,1,reject,1,reject,full_vol,,,,2250,,curve2,0.9,1.1,,3d,,,,,,,,lightning_r,,,,,,250,500,0.8,,,,,left_player,6,40,60,0.25,1,,yes
lightning_r,SFX\Levels\zombie\couch_move\couch_move_right.wav,,,0.65,0.65,300,1850,1,reject,1,reject,full_vol,,,,2250,,curve2,0.9,1.1,,3d,,,,,,,,,,,,,,250,500,0.8,,,,,right_player,6,40,60,0.25,1,,yes
chalk,SFX\Levels\zombie\chalk\round_over.wav,,,0.7,0.7,250,2500,3,oldest,,,full_vol,,,,4000,,curve2,1,1,,2d,streamed,,,master,,,,,,,wpn_all,,,,,,,,,,,,100,100,0.25,1,,
round_over,SFX\Levels\zombie\chalk\chalk_v2.wav,,,0.7,0.7,250,2500,3,oldest,,,full_vol,,,,4000,,curve2,1,1,,2d,streamed,,,master,,,,,,,wpn_all,,,,,,,,,,,,100,100,0.25,1,,
weap_wall,SFX\Levels\zombie\weap_wall\weap_wall.wav,,,1,1,250,2500,3,oldest,,,full_vol,,,,4000,,curve2,1,1,,3d,,,,,,,,,,,wpn_all,,,,,,,,,,,,40,60,0.25,1,,
music_box,SFX\Levels\zombie\music_box\music_box.wav,,,1,1,500,2500,1,oldest,,,full_vol,,,,4000,,curve2,1,1,,3d,,,,master,,,,,,,,,,,,,,,,,,,40,60,0.25,1,,
box_move,SFX\Levels\zombie\music_box\box_move\disappear.wav,,,1,1,500,2500,1,oldest,,,full_vol,,,,4000,,curve2,1,1,,3d,,,,master,,,,,,,wpn_all,,,,,,,,,,,,40,60,0.25,1,,
box_poof,SFX\Levels\zombie\music_box\box_move\poof.wav,,,1,1,500,4000,1,oldest,,,full_vol,,,,4000,,curve2,1,1,,3d,,,,master,,,,,,,wpn_all,,,,,,,,,,,,40,60,0.25,1,,
whoosh,SFX\Levels\zombie\music_box\box_move\whoosh.wav,,,1,1,500,2500,1,oldest,,,full_vol,,,,4000,,curve2,1,1,,3d,,,,,,,,,,2450,,,,,,,,,,,,,40,60,0.25,1,,
laugh_child,SFX\Levels\zombie\music_box\box_move\laugh_child.wav,,,0.75,0.75,500,2500,1,oldest,,,full_vol,,,,4000,,curve2,1,1,,3d,,,,master,,,,,,,wpn_all,,,,,,,,,,,,40,60,0.25,1,,
lid_open,SFX\Levels\zombie\music_box\lid_open.wav,,,1,1,250,2500,1,oldest,,,full_vol,,,,4000,,curve2,1,1,,3d,,,,,,,,,,,,,,,,,,,,,,,20,30,0.25,1,,
lid_close,SFX\Levels\zombie\music_box\lid_close.wav,,,1,1,250,2500,1,oldest,,,full_vol,,,,4000,,curve2,1,1,,3d,,,,,,,,,,,,,,,,,,,,,,,20,30,0.25,1,,
door_slide_open,SFX\Levels\zombie\maps\asylum\door\open\open.wav,,,1,1,250,3500,,,,,full_vol,,,,4000,,curve2,1,1,,3d,,,,,!nazi_zombie_sumpf,,,door_buzzer,,200,wpn_all,,,,,,0.1,,,,,,70,80,0.25,1,,
door_buzzer,SFX\Levels\zombie\maps\asylum\door\open\buzzer.wav,,,0.75,0.75,400,2500,,,,,full_vol,,,,4000,,curve2,1,1,,3d,,,,,!nazi_zombie_sumpf,,,,,,,,,,,,0.15,,,,,,70,80,0.25,1,,
,,,,,,,,,,,,,,,,,,,,,,,,,,,,,,,,,,,,,,,,,,,,,,,,,,
box_poof_land,SFX\Levels\zombie\music_box\box_move\box_land_mn.wav,,,1,1,500,10000,1,reject,,,full_vol,,curve4,,12000,,curve2,1,1,,3d,,,,master,,,,box_poof_land_flux_l,,,,,,,,,0,,,,,,100,100,0.25,1,,
box_poof_land_flux_l,SFX\Levels\zombie\music_box\box_move\box_land_flux_l.wav,,,1,1,100,4000,1,reject,,,full_vol,,curve3,,6000,,curve2,1,1,,3d,,,,,,,,box_poof_land_flux_r,,200,,,,,,,0,,,,left_player,3,100,100,0.25,1,,
box_poof_land_flux_r,SFX\Levels\zombie\music_box\box_move\box_land_flux_r.wav,,,1,1,100,4000,1,reject,,,full_vol,,curve3,,6000,,curve2,1,1,,3d,,,,,,,,,,275,,,,,,,0,,,,right_player,4,100,100,0.25,1,,
,,,,,,,,,,,,,,,,,,,,,,,,,,,,,,,,,,,,,,,,,,,,,,,,,,
electrical_surge,SFX\Levels\zombie\maps\asylum\switch\surge_##,,,0.9,1,50,350,4,priority,,,full_vol,,curve2,,450,,curve2,0.85,1.5,pitch,3d,,,,,,,,,,,,,,50,150,0.4,0.5,,no,,,,5,10,0.1,1,,
,,,,,,,,,,,,,,,,,,,,,,,,,,,,,,,,,,,,,,,,,,,,,,,,,,
zombie_spawn,SFX\Levels\zombie\maps\asylum\dirt_spawn_##,,,1,1,250,2000,3,priority,,,full_vol,,curve4,,2250,,curve2,1,1,,3d,,,,,,,,,,,,,,,,,,,,,,,40,60,0.25,1,,
,,,,,,,,,,,,,,,,,,,,,,,,,,,,,,,,,,,,,,,,,,,,,,,,,,
glass_pane_break,SFX/Destruction/Glass/imp_glass_pane_##,,,0.9,1,250,2500,,,,,full_vol,,,,4000,,curve2,0.9,1.1,,3d,,,,,nazi_zombie_asylum,,,,,,,,,,,,,,,,,,40,60,0.25,1,,
no_purchase_door,SFX\Levels\zombie\no_purchase_dr_##,,,1,1,50,850,,,,,full_vol,,,,4000,,curve2,0.9,1.1,,3d,,,,,,,,,,,,,,,,,,,,,,,40,60,0.25,1,,
# Switch,,,,,,,,,,,,,,,,,,,,,,,,,,,,,,,,,,,,,,,,,,,,,,,,,,
switch_flip,SFX\Levels\zombie\maps\asylum\switch\flip\flip.wav,,,1,1,250,2500,1,oldest,,,full_vol,,,,4000,,curve2,1,1,,3d,,,,,,,,,,,,,,,,,,,,,,,100,100,0.25,1,,
amb_sparks_l_b,SFX\Levels\zombie\maps\asylum\switch\flip\amb_sparks_l.wav,,,1,1,250,2500,1,oldest,,,full_vol,,,,4000,,curve2,1,1,,3d,,,,,,,,,,,,,,,,,,,,,,,100,100,0.25,1,,
amb_sparks_r_b,SFX\Levels\zombie\maps\asylum\switch\flip\amb_sparks_r.wav,,,1,1,250,2500,1,oldest,,,full_vol,,,,4000,,curve2,1,1,,3d,,,,,,,,,,,,,,,,,,,,,,,100,100,0.25,1,,
amb_sparks_l,SFX\Levels\zombie\maps\asylum\switch\power_left.wav,,,1,1,350,2600,1,oldest,,,full_vol,,,,4500,,curve2,1,1,,3d,,,,,nazi_zombie_asylum,,,,,2000,,,,,,,0,,,,,,100,100,0.25,1,,
amb_sparks_r,SFX\Levels\zombie\maps\asylum\switch\power_right.wav,,,1,1,350,2600,1,oldest,,,full_vol,,,,4500,,curve2,1,1,,3d,,,,,nazi_zombie_asylum,,,,,1850,,,,,,,0,,,,,,100,100,0.25,1,,
amb_sparks_l_end,SFX\Levels\zombie\maps\asylum\switch\power_left_end.wav,,,1,1,350,2600,1,oldest,,,full_vol,,,,4500,,curve1,1,1,,3d,,,,,nazi_zombie_asylum,,,,,,,,,,,,0,,,,left_player,7,100,100,0.25,1,,
amb_sparks_r_end,SFX\Levels\zombie\maps\asylum\switch\power_right_end.wav,,,1,1,350,2600,1,oldest,,,full_vol,,,,4500,,curve1,1,1,,3d,,,,,nazi_zombie_asylum,,,,,,,,,,,,0,,,,right_player,7,100,100,0.25,1,,
generator_loop,SFX\Levels\zombie\maps\asylum\switch\generator\gen_loop.wav,,,1,1,150,1200,,,,,ambience,,curve3,,2000,,curve2,1,1,,3d,,,looping,,nazi_zombie_asylum,,,,,,,,,50,250,0.8,0.15,,,,,,50,95,0.25,1,,yes
players_ambience,SFX\Levels\zombie\maps\asylum\switch\amb\ambience.wav,,,1,1,100,750,,,,,ambience,,curve3,,950,,curve2,1,1,,2d,streamed,,looping,,nazi_zombie_asylum,,,,,3000,,,,,,,0.15,,,no,,,50,95,0.25,1,,yes
turn_on,SFX\Levels\zombie\maps\asylum\switch\amb\turn_on.wav,,,0.45,0.45,100,750,,,,,full_vol,,curve3,,950,,curve2,1,1,,2d,streamed,,,,nazi_zombie_asylum nazi_zombie_factory,,,,,1000,wpn_all,,,,,,0.15,,,no,,,50,95,0.25,1,,yes
circuit,SFX\Levels\zombie\maps\asylum\switch\circuit_##,,,1,1,250,5500,,,,,full_vol,,,,5500,,curve2,0.8,1.1,,3d,,,,,nazi_zombie_asylum,,,,,,,,,,,,,,,,,,100,100,0.25,1,,
low_arc,SFX\Levels\zombie\maps\asylum\switch\arc_##,,,0.8,1,50,750,,,,,ambience,,curve3,,1000,,curve2,0.8,1.1,,3d,,,looping,,nazi_zombie_asylum,,,,,,,,,,,,0.35,,,,,,40,55,0.25,1,,yes
alarm,SFX\Levels\zombie\maps\asylum\switch\alarm_##,,,1,1,250,2500,1,oldest,,,full_vol,,,,4000,,curve2,1,1,,3d,,,,master,nazi_zombie_asylum,,,,,1250,,,,,,,0.15,,,,,,100,100,0.25,1,,
warning,SFX\Levels\zombie\maps\asylum\traps\warning_##,,,0.55,0.55,250,5000,1,reject,,,full_vol,,,,8000,,curve1,1,1,,3d,,,,master,nazi_zombie_asylum,,,,,,,,,,,,0.15,,,,,,100,100,0.25,1,,
comp_loop,SFX\Levels\zombie\maps\asylum\switch\comp\comp_loop.wav,,,0.28,0.28,50,1250,,,,,full_vol,,curve2,,700,,curve2,1,1,,3d,,,looping,,nazi_zombie_asylum,,,,,,,,,50,150,0.8,0.15,,,,,,50,95,0.25,1,,
comp_start,SFX\Levels\zombie\maps\asylum\switch\comp\comp_start.wav,,,0.65,0.65,50,350,,,,,full_vol,,curve3,,700,,curve2,1,1,,3d,,,,,nazi_zombie_asylum,,,sweeper,,,,,,50,150,0.8,0.15,,,,,,50,95,0.25,1,,
sweeper,SFX\Levels\zombie\maps\asylum\switch\comp\sweeper.wav,,,0.85,0.85,50,350,,,,,full_vol,,curve3,,700,,curve2,1,1,,3d,,,,,nazi_zombie_asylum,,,,,25000,,,,50,150,0.8,0.15,,,,,,50,95,0.25,1,,
the_numbers,SFX\Levels\zombie\maps\asylum\control\numbers.wav,,,1,1,50,650,,,,,full_vol,,curve1,,900,,curve0,1,1,,3d,,0.25,,,nazi_zombie_asylum,,,sweeper_no_d,,,,,,50,150,0.5,0.25,,,,,,40,50,0.25,1,,
sweeper_no_d,SFX\Levels\zombie\maps\asylum\switch\comp\sweeper.wav,,,0.75,0.75,50,350,,,,,full_vol,,curve3,,700,,curve2,0.9,1.1,,3d,,,,,nazi_zombie_asylum,,,,,,,,,50,150,0.8,0.15,,,,,,50,95,0.25,1,,
elec_room_sweets,SFX\Levels\zombie\comp_sweets\comp_sweeps_00.wav,,1,0.75,1,50,1200,2,reject,,,full_vol,,curve1,,1220,,curve1,0.9,1.1,,3d,,0.8,,,nazi_zombie_asylum nazi_zombie_sumpf,,,,,,,,,50,150,0.8,0.2,,,,,,50,95,0.25,1,,
elec_room_sweets,SFX\Levels\zombie\comp_sweets\comp_sweeps_01.wav,,2,0.75,1,50,1200,2,reject,,,full_vol,,curve1,,1220,,curve1,0.9,1.1,,3d,,0.75,,,nazi_zombie_asylum nazi_zombie_sumpf,,,,,,,,,50,150,0.8,0.2,,,,,,50,95,0.25,1,,
elec_room_sweets,SFX\Levels\zombie\comp_sweets\comp_sweeps_02.wav,,3,0.75,1,50,1200,2,reject,,,full_vol,,curve1,,1220,,curve1,0.9,1.1,,3d,,0.8,,,nazi_zombie_asylum nazi_zombie_sumpf,,,,,,,,,50,150,0.8,0.2,,,,,,50,95,0.25,1,,
elec_room_sweets,SFX\Levels\zombie\comp_sweets\comp_sweeps_03.wav,,4,0.75,1,50,1200,2,reject,,,full_vol,,curve1,,1220,,curve1,0.9,1.1,,3d,,0.75,,,nazi_zombie_asylum nazi_zombie_sumpf,,,,,,,,,50,150,0.8,0.2,,,,,,50,95,0.25,1,,
# Barrels,,,,,,,,,,,,,,,,,,,,,,,,,,,,,,,,,,,,,,,,,,,,,,,,,,
exp_barrel,SFX/Destruction/exp/barrel_##,,,0.8,1,500,5000,,,,,full_vol,,curve3,,10000,,curve2,0.9,1.05,,3d,,,,,nazi_zombie_asylum,,,exp_debris,,,,0.5,,,,,0.2,,,,,,50,95,0.25,1,,
barrel_fuse,SFX/Destruction/exp/flare_##,,,0.4,0.5,50,500,,,,,full_vol,,curve3,,1000,,curve2,0.9,1.05,,3d,,,,,nazi_zombie_asylum,,,,,,,,,,,,0.2,,,,,,50,95,0.25,1,,
fuse,SFX/Destruction/exp/flare_##,,,0.4,0.5,50,500,,,,,full_vol,,curve3,,1000,,curve2,0.9,1.05,,3d,,,,,nazi_zombie_asylum,,,,,,,,,,,,0.2,,,,,,50,95,0.25,1,,
exp_debris,SFX/Destruction/exp/debris_##,,,0.7,0.7,50,1200,,,,,full_vol,,curve3,,2400,,curve2,0.9,1.05,,3d,,,,,nazi_zombie_asylum,,,barrel_explode_trail_l,,600,,0.1,0.4,,,,0.2,,,,,,50,95,0.25,1,,
exp_ammo,SFX/Destruction/ammocrate_##,,,0.8,1,500,1700,,,,,full_vol,,curve3,,3000,,curve2,1,1,,3d,,,,,nazi_zombie_asylum,,,,,,,0.4,,,,,0.2,,,,,,50,95,0.25,1,,
,,,,,,,,,,,,,,,,,,,,,,,,,,,,,,,,,,,,,,,,,,,,,,,,,,
barrel_explode_trail_l,SFX/Weapon/Gren/Gen_Gren/gren_trail_##,,,0.4,0.6,500,2000,3,oldest,,,full_vol,,curve5,,10000,,,0.9,1,,3d,,,,,nazi_zombie_asylum,,,barrel_explode_trail_r,,50,,,,,,,0.2,,,no,left_player,6,50,90,0.25,1,,
barrel_explode_trail_r,SFX/Weapon/Gren/Gen_Gren/gren_trail_##,,,0.4,0.6,500,2000,3,oldest,,,full_vol,,curve5,,10000,,,0.9,1,,3d,,,,,nazi_zombie_asylum,,,barrel_explode_dist,,50,,,,,,,0.2,,,no,right_player,6,50,90,0.25,1,,
barrel_explode_dist,SFX/Destruction/explosion_dist_##,,,0.9,1,3000,12000,3,oldest,,,full_vol,,curve5,,13000,,,0.9,1.1,,3d,,,,,nazi_zombie_asylum,,,barrel_explode_distR,,,,0.4,,,,,0.2,,,no,left_player,6,50,90,0.55,1,,
barrel_explode_distR,SFX/Destruction/explosion_dist_##,,,0.9,1,3000,12000,3,oldest,,,full_vol,,curve5,,13000,,,0.9,1.1,,3d,,,,,nazi_zombie_asylum,,,bomb_falloff,,,,0.4,,,,,0.2,,,no,right_player,6,50,90,0.55,1,,
,,,,,,,,,,,,,,,,,,,,,,,,,,,,,,,,,,,,,,,,,,,,,,,,,,
sparks,SFX\Levels\sniper\sparks_##,,,0.8,1,500,5000,,,,,explosion,,curve3,,10000,,curve2,0.9,1.05,,3d,,,,,,,,,,,,0.5,,,,,,,,,,,50,95,0.25,1,,
,,,,,,,,,,,,,,,,,,,,,,,,,,,,,,,,,,,,,,,,,,,,,,,,,,
explo_shockwave_l,SFX/Levels/Makin/exp_sweetner/exp_decay_R.wav,,,0.9,0.95,1200,6000,1,priority,,,full_vol,,curve3,,18000,,,0.98,1.02,,3d,,,,0.85,nazi_zombie_asylum,,,explo_shockwave_r,,250,,,,,,,0.2,,no,no,left_player,4,50,90,0.25,1,,yes
explo_shockwave_r,SFX/Levels/sniper/dist_explos/explo_sweetner_right.wav,,,0.9,0.95,1200,6000,1,priority,,,full_vol,,curve3,,18000,,,1,1,,3d,,,,0.85,nazi_zombie_asylum,,,bomb_far_falloff_glo,,350,,,,,,,0.2,,no,no,right_player,4,50,90,0.25,1,,yes
explo_metal_rand,SFX/Destruction/vehicle_##,,,1,1,1200,18000,,,,,full_vol,,curve3,,22000,,curve2,0.9,1.1,,3d,,,,,nazi_zombie_asylum,,,explo_shockwave_l,,,,0.2,,,,,0.2,,no,no,,,50,95,0.25,1,,yes
,,,,,,,,,,,,,,,,,,,,,,,,,,,,,,,,,,,,,,,,,,,,,,,,,,
# Power Ups,,,,,,,,,,,,,,,,,,,,,,,,,,,,,,,,,,,,,,,,,,,,,,,,,,
spawn_powerup,SFX\Levels\zombie\powerups\powerup\power_up_spawn.wav,,,0.8,0.8,500,4000,3,reject,,,full_vol,,curve4,1,4500,,curve2,1,1,,3d,,,,,,,,,,,,,,,,,0.25,,,,,,100,100,0.25,1,,
powerup_grabbed,SFX\Levels\zombie\powerups\powerup\power_up_grab.wav,,,0.8,0.8,500,4000,3,reject,,,full_vol,,curve4,1,4500,,curve2,1,1,,2d,,,,,,,,,,,wpn_all,,,,,,0.25,,,,,,100,100,0.25,1,,
spawn_powerup_loop,SFX\Levels\zombie\powerups\powerup\power_up_loop.wav,,,0.25,0.25,50,800,4,reject,,,full_vol,,curve4,1,1200,,curve2,1,1,,3d,,,looping,0.5,,,,,,550,,,,,,,0.25,,,,,,100,100,0.25,1,,
insta_kill,SFX\Levels\zombie\powerups\insta_kill\insta_kill.wav,,,0.6,0.6,500,4000,4,reject,,,full_vol,,curve4,1,4500,,curve2,1,1,,2d,,,,,,,,,,,wpn_all,,,,,,0.25,,,,,,100,100,0.25,1,,
insta_kill_loop,SFX\Levels\zombie\powerups\insta_kill\insta_kill_loop.wav,,,0.5,0.5,50,800,4,reject,,,full_vol,,curve4,1,1200,,curve2,1,1,,2d,,,looping,0.5,,,,,,,wpn_all,,,,,,0.25,,,,,,100,100,0.25,1,,
full_ammo,SFX\Levels\zombie\powerups\full_ammo\full_ammo.wav,,,0.7,0.7,50,800,4,reject,,,full_vol,,curve4,1,1200,,curve2,1,1,,2d,,,,,,,,,,,,,,,,,0.25,,,,,,100,100,0.25,1,,
nuked,SFX\Levels\zombie\powerups\nuke\nuke.wav,,,1,1,500,4000,3,reject,,,full_vol,,curve4,1,4500,,curve2,1,1,,3d,,,,,,,,,,,,,,,,,0.25,,,,,,100,100,0.25,1,,
nuke_flash,SFX\Amb\flare\flare_exp.wav,,,1,1,500,4000,4,reject,,,full_vol,,curve4,1,4500,,curve2,1,1,,2d,,,,,,,,bomb_falloff,,,wpn_all,,,,,,0.25,,,,,,100,100,0.25,1,,
double_point_loop,SFX\Levels\zombie\powerups\double_point\double_point_loop.wav,,,0.25,0.25,50,800,4,reject,,,full_vol,,curve4,1,1200,,curve2,1,1,,2d,,,looping,0.5,,,,,,,wpn_all,,,,,,0.25,,,,,,100,100,0.25,1,,
points_loop_off,SFX\Levels\zombie\powerups\double_point\double_point_off.wav,,,0.7,0.7,50,800,4,reject,,,full_vol,,curve4,1,1200,,curve2,1,1,,2d,,,,,,,,,,,wpn_all,,,,,,0.25,,,,,,100,100,0.25,1,,
carp_loop,SFX\Levels\zombie\powerups\carp\carp_loop.wav,,,0.75,0.75,,,4,reject,,,full_vol,,,1,,,,1,1,,2d,,,looping,0.5,,,,,,500,wpn_all,,,,,,0.25,,,,,,100,100,0.25,1,,
carp_end,SFX\Levels\zombie\powerups\carp\carp_end.wav,,,1,1,,,4,reject,,,full_vol,,,1,,,,1,1,,2d,,,,,,,,points_loop_off,,,wpn_all,,,,,,0.25,,,,,,100,100,0.25,1,,
,,,,,,,,,,,,,,,,,,,,,,,,,,,,,,,,,,,,,,,,,,,,,,,,,,
# Perks,,,,,,,,,,,,,,,,,,,,,,,,,,,,,,,,,,,,,,,,,,,,,,,,,,
perks_machine_loop,SFX\Levels\zombie\perksacola\hum\hum_loop.wav,,,1,1,50,350,,,,,ambience,,curve3,,500,,curve2,1,1,,3d,,,looping,,,,,,,,,,,50,100,0.8,0.35,,,,,,35,50,0.25,1,,
broken_random_jingle,SFX\Levels\zombie\perksacola\random_##,,,1,1,50,500,,,,,full_vol,,curve3,,700,,curve2,1,1,,3d,,,,,,,,,,,,,,50,150,0.8,0.35,,,,,,10,25,0.25,1,,
perks_power_on,SFX\Levels\zombie\perksacola\power_on\power_on.wav,,,1,1,250,1000,,,,,full_vol,,curve3,,1250,,curve2,1,1,,3d,,,,,,,,,,,,,,100,150,0.5,0,,,,,,10,25,0.25,1,,
,,,,,,,,,,,,,,,,,,,,,,,,,,,,,,,,,,,,,,,,,,,,,,,,,,
bottle_dispense,SFX\Levels\zombie\perksacola\bottle\dispense_00.wav,,,0.6,0.6,500,4000,4,reject,,,full_vol,,curve4,1,4500,,curve2,1,1,,2d,,,,,,,,,,,,,,,,,0.25,,,,,,100,100,0.25,1,,
bottle_open,SFX\Levels\zombie\perksacola\bottle\open\open_00.wav,,,1,1,500,4000,4,reject,,,full_vol,,curve4,1,4500,,curve2,1,1,,2d,,,,,,,,,,,,,,,,,0.25,,,,,,100,100,0.25,1,,
swallow,SFX\Levels\zombie\perksacola\bottle\swallow\swallow_00.wav,,,1,1,500,4000,4,reject,,,full_vol,,curve4,1,4500,,curve2,1,1,,2d,,,,,,,,,,,wpn_all,,,,,,0.25,,,,,,100,100,0.25,1,,
belch,SFX\Levels\zombie\perksacola\bottle\belch\belch_00.wav,,,0.6,0.6,500,4000,4,reject,,,full_vol,,curve4,1,4500,,curve2,1,1,,2d,,,,,,,,,,500,,,,,,,0.25,,,,,,100,100,0.25,1,,
bottle_break,SFX\Levels\zombie\perksacola\bottle\break\break_00.wav,,,0.6,0.6,500,4000,4,reject,,,full_vol,,curve4,1,4500,,curve2,1,1,,2d,,,,,,,,,,,,,,,,,0.25,,,,,,100,100,0.25,1,,
,,,,,,,,,,,,,,,,,,,,,,,,,,,,,,,,,,,,,,,,,,,,,,,,,,
deny,SFX\Levels\zombie\perksacola\bottle\deny_00.wav,,,0.9,0.9,100,1000,6,priority,,,full_vol,,,,1000,,curve2,0.85,1.2,,3d,,,,,,,,,,,,,,,,,0.25,,,,,,15,25,0.25,1,,
bottle_dispense3d,SFX\Levels\zombie\perksacola\bottle\dispensemn_00.wav,,,0.9,0.9,100,1000,6,priority,,,full_vol,,,,1000,,curve2,0.85,1.2,,3d,,,,,,,,,,,,,,,,,0.25,,,,,,15,25,0.25,1,,
bottle_open3d,SFX\Levels\zombie\perksacola\bottle\open\openmn_00.wav,,,0.9,0.9,100,1000,6,priority,,,full_vol,,,,1000,,curve2,0.85,1.2,,3d,,,,,,,,,,,,,,,,,0.25,,,,,,15,25,0.25,1,,
swallow3d,SFX\Levels\zombie\perksacola\bottle\swallow\swallowmn_00.wav,,,0.9,0.9,100,1000,6,priority,,,full_vol,,,,1000,,curve2,0.85,1.2,,3d,,,,,,,,,,,,,,,,,0.25,,,,,,15,25,0.25,1,,
belch3d,SFX\Levels\zombie\perksacola\bottle\belch\belchmn_00.wav,,,0.9,0.9,100,1000,6,priority,,,full_vol,,,,1000,,curve2,0.85,1.2,,3d,,,,,,,,,,,,,,,,,0.25,,,,,,15,25,0.25,1,,
bottle_break3d,SFX\Levels\zombie\perksacola\bottle\break\breakmn_00.wav,,,0.9,0.9,100,1000,6,priority,,,full_vol,,,,1000,,curve2,0.85,1.2,,3d,,,,,,,,,,,,,,,,,0.25,,,,,,15,25,0.25,1,,
,,,,,,,,,,,,,,,,,,,,,,,,,,,,,,,,,,,,,,,,,,,,,,,,,,
knuckle_start,null.wav,,,1,1,,,,,,,full_vol,,,0.8,,,,1,1,,2d,,,,,,,,,,,wpn_all,0.2,,,,,,,,,,,90,90,0.25,1,,
knuckle_left,SFX\Levels\zombie\packapunch\knuckle_00.wav,,,1,1,,,,,,,full_vol,,,0.8,,,,1,1,,2d,,,,,,,,,,,wpn_fnt,0.2,1,,,,,,,,,,90,90,0.25,1,,
knuckle_right,SFX\Levels\zombie\packapunch\knuckle_01.wav,,,1,1,,,,,,,full_vol,,,0.8,,,,1,1,,2d,,,,,,,,,,,wpn_fnt,0.2,1,,,,,,,,,,90,90,0.25,1,,
,,,,,,,,,,,,,,,,,,,,,,,,,,,,,,,,,,,,,,,,,,,,,,,,,,
#PACKAPUNCH,,,,,,,,,,,,,,,,,,,,,,,,,,,,,,,,,,,,,,,,,,,,,,,,,,
packa_rollers_loop,SFX\Levels\zombie\perksacola\hum\packa_loop.wav,,,0.35,0.35,50,450,,,,,ambience,,curve3,,600,,curve2,1,1,,3d,,,looping,,,,,,,,,,,50,100,0.3,0.35,,,,,,35,50,0.25,1,,
packa_weap_upgrade,SFX\Levels\zombie\perksacola\packa_upgrade_weap.wav,,,1,1,50,450,,,,,full_vol,,curve3,,600,,curve2,1,1,,3d,,,,,,,,,,,,,,,,,0.35,,,,,,35,50,0.25,1,,
packa_weap_ready,SFX\Levels\zombie\perksacola\packa_weap_ready.wav,,,1,1,50,600,,,,,full_vol,,curve3,,800,,curve2,1,1,,3d,,,,,,,,,,,,,,,,,0.35,,,,,,35,50,0.25,1,,
ticktock_loop,SFX\Levels\zombie\perksacola\ticktock_loop.wav,,,0.8,0.8,50,600,,,,,full_vol,,curve3,,800,,curve2,1,1,,3d,,,looping,,,,,,,,,,,,,,0.35,,,,,,35,50,0.25,1,,
packa_deny,SFX\Levels\zombie\perksacola\packa_deny.wav,,,1,1,50,450,,,,,full_vol,,curve3,,600,,curve2,1,1,,3d,,,,,,,,,,,,,,,,,0.35,,,,,,35,50,0.25,1,,
,,,,,,,,,,,,,,,,,,,,,,,,,,,,,,,,,,,,,,,,,,,,,,,,,,
,,,,,,,,,,,,,,,,,,,,,,,,,,,,,,,,,,,,,,,,,,,,,,,,,,
# Traps,,,,,,,,,,,,,,,,,,,,,,,,,,,,,,,,,,,,,,,,,,,,,,,,,,
elec_start,SFX\Levels\zombie\maps\asylum\traps\trap_start.wav,,,0.9,0.9,100,1000,6,priority,,,full_vol,,,,1000,,curve2,0.85,1.2,,3d,,,,,,,,,,,,,,100,250,0.8,0.25,,,,,,15,25,0.25,1,,
elec_loop,SFX\Levels\zombie\maps\asylum\traps\trap_loop.wav,,,1,1,250,1000,1,priority,,,full_vol,,curve3,,1000,,curve2,0.9,1.05,,3d,,,looping,,,,,,,,,,,100,250,0.8,0.25,,,,,,50,95,0.25,1,,yes
elec_arc,SFX\Levels\zombie\maps\asylum\traps\arc_##,,,0.55,0.85,100,800,6,priority,,,ambience,,,,1000,,curve2,0.85,1.2,,3d,,,,,,,,,,,,,,100,250,0.8,0.25,,,,,,10,15,0.25,1,,
elec_jib_zombie,SFX\Levels\zombie\maps\asylum\traps\arc_##,,,1,1,500,1500,8,priority,,,full_vol,,,,1750,,curve2,0.85,1.2,,3d,,,,,,,,,,,,,,100,250,0.8,0.25,,,,,,10,15,0.25,1,,
elec_current_loop,SFX\Levels\zombie\small_elec.wav,,,1,1,50,1250,,,,,full_vol,,curve2,,1500,,curve1,0.85,1.02,,3d,,,looping,,,,,,,,,,,100,250,0.8,0.35,,,,,,35,50,0.25,1,,
exp_jib_zombie,SFX\Levels\zombie\maps\asylum\traps\exp_zom\exp_zom_00.wav,,,1,1,500,1500,8,priority,,,full_vol,,,,1750,,curve2,0.85,1.2,,3d,,,,,,,,sizzle,,,,,,100,250,0.8,0.25,,,,,,10,15,0.25,1,,
sizzle,SFX\Levels\zombie\maps\asylum\traps\exp_zom\sizzle.wav,,,1,1,250,1000,3,priority,,,full_vol,,,,1750,,curve2,0.85,1.2,,3d,,,,,,,,,,,,,,100,250,0.8,0.25,,,,,,10,15,0.25,1,,
zombie_arc,SFX\Levels\zombie\maps\asylum\traps\zom_arc_##,,,1,1,500,800,6,priority,,,ambience,,,,1000,,curve2,0.85,1.2,,3d,,,,,,,,sizzle,,,,,,100,250,0.8,0.25,,,,,,10,15,0.25,1,,
#electrocution,SFX\Levels\zombie\maps\asylum\traps\electocution\elec_loop.wav,,,1,1,250,800,1,priority,,,full_vol,,,,,,curve2,1,1,,3d,,,looping,,,,,,,,,,,100,250,0.8,,,,,,,70,80,0.25,1,,
ignite,SFX\Levels\zombie\maps\asylum\traps\on_fire\ignite.wav,,,1,1,500,1250,3,priority,,,full_vol,,,,1750,,curve2,0.85,1.2,,3d,,,,,,,,sizzle,,,,,,100,250,0.8,0.25,,,,,,10,15,0.25,1,,
,,,,,,,,,,,,,,,,,,,,,,,,,,,,,,,,,,,,,,,,,,,,,,,,,,
,,,,,,,,,,,,,,,,,,,,,,,,,,,,,,,,,,,,,,,,,,,,,,,,,,
,,,,,,,,,,,,,,,,,,,,,,,,,,,,,,,,,,,,,,,,,,,,,,,,,,
,,,,,,,,,,,,,,,,,,,,,,,,,,,,,,,,,,,,,,,,,,,,,,,,,,
# Radio,,,,,,,,,,,,,,,,,,,,,,,,,,,,,,,,,,,,,,,,,,,,,,,,,,
static,SFX\Levels\sniper\sparks_##,,,0.8,1,50,250,,,,,explosion,,curve3,,500,,curve2,0.9,1.05,,3d,,,,,,,,,,,,0.5,,,,,,,,,,,50,95,0.25,1,,
,,,,,,,,,,,,,,,,,,,,,,,,,,,,,,,,,,,,,,,,,,,,,,,,,,
#wtf,SFX\Levels\zombie\radio\mx_wtf.wav,,,0.8,0.8,125,2500,,,,,music,,curve3,0.8,3200,,curve1,1,1,,3d,streamed,,,0.4,,,,,,,,,,,,,0.25,,,,,,50,50,0.15,0.85,,
#true_crime_4,SFX\Levels\zombie\radio\true_crime_track_4.wav,,,0.8,0.8,125,2500,,,,,music,,curve3,0.8,3200,,curve1,1,1,,3d,streamed,,,0.4,,,,,,,,,,,,,0.25,,,,,,50,50,0.15,0.85,,
#dusk,SFX\Levels\zombie\radio\dusk.wav,,,0.8,0.8,125,2500,,,,,music,,curve3,0.8,3200,,curve1,1,1,,3d,streamed,,,0.4,,,,,,,,,,,,,0.25,,,,,,50,50,0.15,0.85,,
#sand,SFX\Levels\zombie\radio\mx_sand.wav,,,0.8,0.8,125,2500,,,,,music,,curve3,0.8,3200,,curve1,1,1,,3d,streamed,,,0.4,,,,,,,,,,,,,0.25,,,,,,50,50,0.15,0.85,,
#all_mixed_up,SFX\Levels\zombie\radio\mx_all_mixed_up.wav,,,0.8,0.8,125,2500,,,,,music,,curve3,0.8,3200,,curve1,1,1,,3d,streamed,,,0.4,,,,,,,,,,,,,0.25,,,,,,50,50,0.15,0.85,,
#ber3b_guitars,SFX\Levels\zombie\radio\mx_ber3b_guitars.wav,,,0.8,0.8,125,2500,,,,,music,,curve3,0.8,3200,,curve1,1,1,,3d,streamed,,,0.4,,,,,,,,,,,,,0.25,,,,,,50,50,0.15,0.85,,
#bold_men,SFX\Levels\zombie\radio\mx_boldmen_city_loop.wav,,,0.8,0.8,125,2500,,,,,music,,curve3,0.8,3200,,curve1,1,1,,3d,streamed,,,0.4,,,,,,,,,,,,,0.25,,,,,,50,50,0.15,0.85,,
#dog_fire,SFX\Levels\zombie\radio\mx_dog_fire.wav,,,0.8,0.8,125,2500,,,,,music,,curve3,0.8,3200,,curve1,1,1,,3d,streamed,,,0.4,,,,,,,,,,,,,0.25,,,,,,50,50,0.15,0.85,,
#the_march,SFX\Levels\zombie\radio\mx_march_ber3_00.wav,,,0.8,0.8,125,2500,,,,,music,,curve3,0.8,3200,,curve1,1,1,,3d,streamed,,,0.4,,,,,,,,,,,,,0.25,,,,,,50,50,0.15,0.85,,
#drum_no_bass,SFX\Levels\zombie\radio\mx_pel1b_00.wav,,,0.8,0.8,125,2500,,,,,music,,curve3,0.8,3200,,curve1,1,1,,3d,streamed,,,0.4,,,,,,,,,,,,,0.25,,,,,,50,50,0.15,0.85,,
#russian_theme,SFX\Levels\zombie\radio\mx_russian_theme.wav,,,0.8,0.8,125,2500,,,,,music,,curve3,0.8,3200,,curve1,1,1,,3d,streamed,,,0.4,,,,,,,,,,,,,0.25,,,,,,50,50,0.15,0.85,,
#stag_push,SFX\Levels\zombie\radio\mx_stag_push_00.wav,,,0.8,0.8,125,2500,,,,,music,,curve3,0.8,3200,,curve1,1,1,,3d,streamed,,,0.4,,,,,,,,,,,,,0.25,,,,,,50,50,0.15,0.85,,
#goddess_energy,SFX\Levels\zombie\radio\mx_underscore_ber2.wav,,,0.8,0.8,125,2500,,,,,music,,curve3,0.8,3200,,curve1,1,1,,3d,streamed,,,0.4,,,,,,,,,,,,,0.25,,,,,,50,50,0.15,0.85,,
#wild_card,SFX\Levels\zombie\radio\mx_WildCard_loop_g_final.wav,,,0.8,0.8,125,2500,,,,,music,,curve3,0.8,3200,,curve1,1,1,,3d,streamed,,,0.4,,,,,,,,,,,,,0.25,,,,,,50,50,0.15,0.85,,
#pby_old,SFX\Levels\zombie\radio\pby_old.wav,,,0.8,0.8,125,2500,,,,,music,,curve3,0.8,3200,,curve1,1,1,,3d,streamed,,,0.4,,,,,,,,,,,,,0.25,,,,,,50,50,0.15,0.85,,
,,,,,,,,,,,,,,,,,,,,,,,,,,,,,,,,,,,,,,,,,,,,,,,,,,
#TESLA,,,,,,,,,,,,,,,,,,,,,,,,,,,,,,,,,,,,,,,,,,,,,,,,,,
,,,,,,,,,,,,,,,,,,,,,,,,,,,,,,,,,,,,,,,,,,,,,,,,,,
tesla_idle,SFX\Weapon\tesla\wpn_tesla_idle_d.wav,,,0.3,0.3,50,300,1,reject,,,rfl_1st,,curve1,0.8,,,,1,1,,3d,,,looping,,,,,,,,,,,50,100,0.9,,,,,,,80,90,0.25,1,,
wpn_tesla_fire_plr,SFX\Weapon\tesla\new\wpn_tesla_fire_st_f.wav,,,1,1,,,,,,,full_vol,,,,,,,1,1,,2d,,,,,,,,wpn_tesla_fire_rear,,,wpn_all,,,,,,,,,,,,100,100,0.25,1,,
wpn_tesla_fire_plr_last,SFX\Weapon\tesla\new\wpn_tesla_fire_st_Lst.wav,,,1,1,,,,,,,full_vol,,,,,,,1,1,,2d,,,,,,,,wpn_tesla_fire_rear,,,wpn_all,,,,,,,,,,,,100,100,0.25,1,,
wpn_tesla_fire_rear,SFX\Weapon\tesla\new\wpn_tesla_fire_st_r.wav,,,0.5,0.5,,,,,,,full_vol,,,,,,,1,1,,2d,,,,,,,,wpn_tesla_flux_left,,200,wpn_rear,,,,,,,,,,,,80,90,0.25,1,,
wpn_tesla_fire_npc,SFX\Weapon\tesla\new\wpn_tesla_fire_mn_f.wav,,,1,1,100,1550,,,,,full_vol,,curve3,0.8,2100,,curve2,1,1,,3d,,,,,,,,wpn_tesla_flux_left,,,,,,50,300,0.5,,,,,,,80,90,0.25,1,,
wpn_tesla_fire_npc_last,SFX\Weapon\tesla\new\wpn_tesla_fire_mn_Lst.wav,,,1,1,100,1550,,,,,full_vol,,curve3,0.8,2100,,curve2,1,1,,3d,,,,,,,,wpn_tesla_flux_left,,,,,,50,300,0.5,,,,,,,80,90,0.25,1,,
,,,,,,,,,,,,,,,,,,,,,,,,,,,,,,,,,,,,,,,,,,,,,,,,,,
wpn_tesla_flux_left,SFX\Weapon\tesla\new_flux\wpn_tesla_flux_l.wav,,,0.7,0.7,50,2000,,,1,reject,full_vol,,curve1,0.8,,,,1,1,,3d,,,,,,,,wpn_tesla_flux_right,,,,,,50,250,0.2,0.5,,,,left_shot,5,10,25,0.25,1,,
wpn_tesla_flux_right,SFX\Weapon\tesla\new_flux\wpn_tesla_flux_r.wav,,,0.7,0.7,50,2000,,,1,reject,full_vol,,curve1,0.8,,,,1,1,,3d,,,,,,,,,,,,,,50,250,0.2,0.5,,,,right_shot,5,10,25,0.25,1,,
,,,,,,,,,,,,,,,,,,,,,,,,,,,,,,,,,,,,,,,,,,,,,,,,,,
wpn_tesla_proj_loop,SFX\Weapon\tesla\projectile\proj_loop.wav,,,1,1,200,700,,,,,full_vol,,curve3,0.8,,,,1,1,,3d,,,looping,,,,,,,,,,,50,100,0.9,,,,,,,25,35,0.25,1,,
wpn_tesla_proj_impact,SFX\Weapon\tesla\projectile\proj_impact.wav,,,1,1,200,2500,,,,,full_vol,,curve4,0.8,,,,0.9,1.1,,3d,,,,,,,,wpn_tesla_proj_flux_left,,,,,,50,100,0.9,,,,,,,80,90,0.25,1,,
,,,,,,,,,,,,,,,,,,,,,,,,,,,,,,,,,,,,,,,,,,,,,,,,,,
wpn_tesla_proj_flux_left,SFX\Weapon\tesla\wpn_tesla_flux_l.wav,,,0.7,0.7,50,2000,,,1,reject,full_vol,,curve1,0.8,,,,1,1,,3d,,,,,,,,wpn_tesla_proj_flux_right,,,,,,50,250,0.2,0.5,,,,left_player,4,10,25,0.25,1,,
wpn_tesla_proj_flux_right,SFX\Weapon\tesla\wpn_tesla_flux_r.wav,,,0.7,0.7,50,2000,,,1,reject,full_vol,,curve1,0.8,,,,1,1,,3d,,,,,,,,,,,,,,50,250,0.2,0.5,,,,right_player,4,10,25,0.25,1,,
,,,,,,,,,,,,,,,,,,,,,,,,,,,,,,,,,,,,,,,,,,,,,,,,,,
imp_tesla,SFX\Levels\zombie\maps\asylum\traps\zom_arc_##,,,1,1,200,850,,,,,full_vol,,curve2,0.8,,,,1,1,,3d,,,,,,,,tesla_sizzle,,250,,,,50,100,0.9,,,,,,,80,90,0.25,1,,
tesla_sizzle,SFX\Levels\zombie\maps\asylum\traps\exp_zom\sizzle.wav,,,1,1,100,380,,,,,full_vol,,curve2,0.8,,,,1,1,,3d,,,,,,,,wpn_tesla_proj_impact,,290,,,,50,100,0.9,,,,,,,10,20,0.25,1,,
,,,,,,,,,,,,,,,,,,,,,,,,,,,,,,,,,,,,,,,,,,,,,,,,,,
tesla_bounce,SFX\Weapon\tesla\bounce_##,,,1,1,200,2200,,,,,full_vol,,curve2,0.8,,,,1,1,,3d,,,,,,,,,,250,,,,50,100,0.9,,,,,,,80,90,0.25,1,,
,,,,,,,,,,,,,,,,,,,,,,,,,,,,,,,,,,,,,,,,,,,,,,,,,,
,,,,,,,,,,,,,,,,,,,,,,,,,,,,,,,,,,,,,,,,,,,,,,,,,,
tesla_sweeps,SFX\Levels\zombie\maps\asylum\switch\comp\sweets\sweets_02.wav,,1,0.5,0.5,100,280,1,reject,,,full_vol,,curve2,0.8,,,,0.8,1.05,,3d,,0.7,,,,,,,,255,,,,50,100,0.9,,,,,,,80,90,0.25,1,,
tesla_sweeps,SFX\Levels\zombie\maps\asylum\switch\comp\sweets\sweets_03.wav,,2,0.5,0.5,100,280,1,reject,,,full_vol,,curve2,0.8,,,,0.8,1.05,,3d,,0.7,,,,,,,,255,,,,50,100,0.9,,,,,,,80,90,0.25,1,,
tesla_sweeps_idle,SFX\Weapon\tesla\idle_##,,,1,1,100,280,1,reject,,,full_vol,,curve2,0.8,,,,0.8,1.05,,3d,,,,,,,,tesla_sweeps,,,,,,50,100,0.9,,,,,,,80,90,0.25,1,,
,,,,,,,,,,,,,,,,,,,,,,,,,,,,,,,,,,,,,,,,,,,,,,,,,,
,,,,,,,,,,,,,,,,,,,,,,,,,,,,,,,,,,,,,,,,,,,,,,,,,,
,,,,,,,,,,,,,,,,,,,,,,,,,,,,,,,,,,,,,,,,,,,,,,,,,,
elec_vocals_tesla,SFX\Levels\zombie\new_zombie_vox\elec_##,,,0.8,1,250,1000,3,priority,1,reject,voice,,,0.8,1200,,curve2,1,1.1,,3d,,0.5,,,,,,,,,,,,75,250,0.75,0.5,,,,,,60,70,0.25,1,,
,,,,,,,,,,,,,,,,,,,,,,,,,,,,,,,,,,,,,,,,,,,,,,,,,,
,,,,,,,,,,,,,,,,,,,,,,,,,,,,,,,,,,,,,,,,,,,,,,,,,,
tesla_foley,SFX\Weapon\tesla\reload\gr_tesla_start.wav,,,1,1,,,,,,,full_vol,,,,,,,1,1,,2d,,,,,,,,,,,wpn_all,,,,,,,,,,,,80,90,0.25,1,,
tesla_switch_flip_off,SFX\Weapon\tesla\reload\tesla_switch_flip_off.wav,,,1,1,,,,,,,full_vol,,,,,,,1,1,,2d,,,,,,,,,,,wpn_all,,,,,,,,,,,,80,90,0.25,1,,
tesla_handle_pullback,SFX\Weapon\tesla\reload\tesla_handle_pullback.wav,,,1,1,,,,,,,full_vol,,,,,,,1,1,,2d,,,,,,,,,,,wpn_fnt,,,,,,,,,,,,80,90,0.25,1,,
tesla_clip_in,SFX\Weapon\tesla\reload\tesla_clip_in.wav,,,1,1,,,,,,,full_vol,,,,,,,1,1,,2d,,,,,,,,,,,wpn_fnt,,,,,,,,,,,,80,90,0.25,1,,
tesla_handle_release,SFX\Weapon\tesla\reload\tesla_handle_release.wav,,,1,1,,,,,,,full_vol,,,,,,,1,1,,2d,,,,,,,,,,,wpn_fnt,,,,,,,,,,,,80,90,0.25,1,,
tesla_switch_flip_on,SFX\Weapon\tesla\reload\tesla_switch_flip_on.wav,,,1,1,,,,,,,full_vol,,,,,,,1,1,,2d,,,,,,,,,,,wpn_all,,,,,,,,,,,,80,90,0.25,1,,
tesla_to_idle,SFX\Levels\zombie\perksacola\bottle\belch\belch_00.wav,,,0,0,,,,,,,full_vol,,,,,,,1,1,,2d,,,,,,,,,,,wpn_fnt,,,,,,,,,,,,80,90,0.25,1,,
#tesla_foley,SFX\Weapon\tesla\reload\gr_tesla_start.wav,,,1,1,,,,,,,full_vol,,,,,,,1,1,,2d,,,,,,,,,,,wpn_all,,,,,,,,,,,,80,90,0.25,1,,
tesla_switch_flip_raise,SFX\Weapon\tesla\reload\tesla_switch_flip_on.wav,,,1,1,,,,,,,full_vol,,,,,,,1,1,,2d,,,,,,,,,,,wpn_all,,,,,,,,,,,,80,90,0.25,1,,
,,,,,,,,,,,,,,,,,,,,,,,,,,,,,,,,,,,,,,,,,,,,,,,,,,
,,,,,,,,,,,,,,,,,,,,,,,,,,,,,,,,,,,,,,,,,,,,,,,,,,
tesla_happy,SFX\Weapon\tesla\happy_##,,,1,1,100,280,1,reject,,,full_vol,,curve2,0.8,,,,0.8,1.05,,2d,,,,,,,,,,,wpn_fnt,,,50,100,0.9,,,,,,,60,60,0.25,1,,
tesla_effects,SFX\Weapon\tesla\effects_##,,,0.45,0.55,100,280,1,reject,,,full_vol,,curve2,0.8,,,,0.8,1.05,,2d,,,,,,,,,,,wpn_fnt,,,50,100,0.9,,,,,,,60,60,0.25,1,,
tesla_imp_water,SFX\Weapon\tesla\imp_water\imp_water.wav,,,1,1,100,1550,,,,,full_vol,,curve3,0.8,2100,,curve2,1,1,,3d,,,,,,,,wpn_tesla_flux_left,,,,,,50,300,0.5,,,,,,,80,90,0.25,1,,
,,,,,,,,,,,,,,,,,,,,,,,,,,,,,,,,,,,,,,,,,,,,,,,,,,
shellshock_loop,null.wav,,,1,1,100,1550,,,,,full_vol,,curve3,0.8,2100,,curve2,1,1,,3d,,,,,,,,wpn_tesla_flux_left,,,,,,50,300,0.5,,,,,,,1,1,0.25,1,,
,,,,,,,,,,,,,,,,,,,,,,,,,,,,,,,,,,,,,,,,,,,,,,,,,,
#TESLA UBER,,,,,,,,,,,,,,,,,,,,,,,,,,,,,,,,,,,,,,,,,,,,,,,,,,
weap_tesla_fire_ubershot_st,null.wav,,,1,1,,,,,,,full_vol,,,,,,,1,1,,2d,,,,,,,,wpn_tesla_fire_plr,,,wpn_all,,,,,,,,,,,,100,100,0.25,1,,
weap_tesla_fire_ubershot_m,null.wav,,,1,1,100,1550,,,,,full_vol,,curve3,0.8,2100,,curve2,1,1,,3d,,,,,,,,wpn_tesla_fire_npc,,,,,,50,300,0.5,,,,,,,80,90,0.25,1,,
weap_tesla_firelast_ubershot_st,null.wav,,,1,1,,,,,,,full_vol,,,,,,,1,1,,2d,,,,,,,,wpn_tesla_fire_plr_last,,,wpn_all,,,,,,,,,,,,100,100,0.25,1,,
weap_tesla_firelast_ubershot_m,null.wav,,,1,1,100,1550,,,,,full_vol,,curve3,0.8,2100,,curve2,1,1,,3d,,,,,,,,wpn_tesla_fire_npc_last,,,,,,50,300,0.5,,,,,,,80,90,0.25,1,,
,,,,,,,,,,,,,,,,,,,,,,,,,,,,,,,,,,,,,,,,,,,,,,,,,,
,,,,,,,,,,,,,,,,,,,,,,,,,,,,,,,,,,,,,,,,,,,,,,,,,,
,,,,,,,,,,,,,,,,,,,,,,,,,,,,,,,,,,,,,,,,,,,,,,,,,,
# MonkeyBomb,,,,,,,,,,,,,,,,,,,,,,,,,,,,,,,,,,,,,,,,,,,,,,,,,,
monkey_raise_plr,sfx/weapon/monkey/monkey_raise_plr.wav,,,1,1,,,,,,,full_vol,,,,,,,1,1,,2d,,,,,,,,monkey_raise_plr_vox,,100,wpn_fnt,,,,,,,,,,,,40,80,0.25,1,,
monkey_raise,sfx/weapon/monkey/monkey_raise.wav,,,0.8,0.8,100,1250,,,,,full_vol,,curve3,0.75,2500,,curve3,1,1,,3d,,,,,,,,,,,,,,,,,0.3,,,,,,40,80,0.25,1,,
,,,,,,,,,,,,,,,,,,,,,,,,,,,,,,,,,,,,,,,,,,,,,,,,,,
# FOLEY,,,,,,,,,,,,,,,,,,,,,,,,,,,,,,,,,,,,,,,,,,,,,,,,,,
monk_cymb_1,sfx/weapon/monkey/monk_cymb_00.wav,,,1,1,,,,,,,full_vol,,,,,,,1,1,,2d,,,,,,,,,,,wpn_fnt,,,,,,,,,,,,40,80,0.25,1,,
monk_cymb_2,sfx/weapon/monkey/monk_cymb_01.wav,,,1,1,,,,,,,full_vol,,,,,,,1,1,,2d,,,,,,,,,,,wpn_fnt,,,,,,,,,,,,40,80,0.25,1,,
monk_cymb_3,sfx/weapon/monkey/monk_cymb_02.wav,,,1,1,,,,,,,full_vol,,,,,,,1,1,,2d,,,,,,,,,,,wpn_fnt,,,,,,,,,,,,40,80,0.25,1,,
monk_cymb_4,sfx/weapon/monkey/monk_cymb_03.wav,,,1,1,,,,,,,full_vol,,,,,,,1,1,,2d,,,,,,,,,,,wpn_fnt,,,,,,,,,,,,40,80,0.25,1,,
monk_cymb_5,sfx/weapon/monkey/monk_cymb_04.wav,,,1,1,,,,,,,full_vol,,,,,,,1,1,,2d,,,,,,,,,,,wpn_fnt,,,,,,,,,,,,40,80,0.25,1,,
monk_turn_key,sfx/weapon/monkey/monkey_ratchet.wav,,,1,1,,,,,,,full_vol,,,,,,,1,1,,2d,,,,,,,,,,,wpn_fnt,,,,,,,,,,,,40,80,0.25,1,,
monk_push_fez,null.wav,,,1,1,,,,,,,full_vol,,,,,,,1,1,,2d,,,,,,,,,,,wpn_fnt,,,,,,,,,,,,40,80,0.25,1,,
,,,,,,,,,,,,,,,,,,,,,,,,,,,,,,,,,,,,,,,,,,,,,,,,,,
monk_cymb_m,sfx/weapon/monkey/monk_cymb_m.wav,,,0.9,0.9,100,2500,4,oldest,,,character,,curve3,0.75,3500,,curve3,1,1,,3d,,,,,,,,,,,,,,,,,0.3,,,,,,40,80,0.25,1,,
,,,,,,,,,,,,,,,,,,,,,,,,,,,,,,,,,,,,,,,,,,,,,,,,,,
monkey_land_wood,SFX\Weapon\Special\Satchel_charge\satchel_plant.wav,,,0.9,1,50,1300,,,,,character,,curve2,,1500,,curve3,0.9,1.05,,3d,,,,,,,,monkey_land_vox,,,,,,,,,,,,,,,80,95,0.25,1,,
monkey_land_rock,SFX\Weapon\Special\Satchel_charge\satchel_plant.wav,,,0.9,1,50,1300,,,,,character,,curve2,,1500,,curve3,0.9,1.05,,3d,,,,,,,,monkey_land_vox,,,,,,,,,,,,,,,80,95,0.25,1,,
monkey_land_dirt,SFX\Weapon\Special\Satchel_charge\satchel_plant.wav,,,0.9,1,50,1300,,,,,character,,curve2,,1500,,curve3,0.9,1.05,,3d,,,,,,,,monkey_land_vox,,,,,,,,,,,,,,,80,95,0.25,1,,
monkey_land_default,SFX\Weapon\Special\Satchel_charge\satchel_plant.wav,,,0.9,1,50,1300,,,,,character,,curve2,,1500,,curve3,0.9,1.05,,3d,,,,,,,,monkey_land_vox,,,,,,,,,,,,,,,80,95,0.25,1,,
monkey_land_bark,SFX\Weapon\Special\Satchel_charge\satchel_plant.wav,,,0.9,1,50,1300,,,,,character,,curve2,,1500,,curve3,0.9,1.05,,3d,,,,,,,,monkey_land_vox,,,,,,,,,,,,,,,80,95,0.25,1,,
monkey_land_brick,SFX\Weapon\Special\Satchel_charge\satchel_plant.wav,,,0.9,1,50,1300,,,,,character,,curve2,,1500,,curve3,0.9,1.05,,3d,,,,,,,,monkey_land_vox,,,,,,,,,,,,,,,80,95,0.25,1,,
monkey_land_carpet,SFX\Weapon\Special\Satchel_charge\satchel_plant.wav,,,0.9,1,50,1300,,,,,character,,curve2,,1500,,curve3,0.9,1.05,,3d,,,,,,,,monkey_land_vox,,,,,,,,,,,,,,,80,95,0.25,1,,
monkey_land_cloth,SFX\Weapon\Special\Satchel_charge\satchel_plant.wav,,,0.9,1,50,1300,,,,,character,,curve2,,1500,,curve3,0.9,1.05,,3d,,,,,,,,monkey_land_vox,,,,,,,,,,,,,,,80,95,0.25,1,,
monkey_land_concrete,SFX\Weapon\Special\Satchel_charge\satchel_plant.wav,,,0.9,1,50,1300,,,,,character,,curve2,,1500,,curve3,0.9,1.05,,3d,,,,,,,,monkey_land_vox,,,,,,,,,,,,,,,80,95,0.25,1,,
monkey_land_foliage,SFX\Weapon\Special\Satchel_charge\satchel_plant.wav,,,0.9,1,50,1300,,,,,character,,curve2,,1500,,curve3,0.9,1.05,,3d,,,,,,,,monkey_land_vox,,,,,,,,,,,,,,,80,95,0.25,1,,
monkey_land_glass,SFX\Weapon\Special\Satchel_charge\satchel_plant.wav,,,0.9,1,50,1300,,,,,character,,curve2,,1500,,curve3,0.9,1.05,,3d,,,,,,,,monkey_land_vox,,,,,,,,,,,,,,,80,95,0.25,1,,
monkey_land_grass,SFX\Weapon\Special\Satchel_charge\satchel_plant.wav,,,0.9,1,50,1300,,,,,character,,curve2,,1500,,curve3,0.9,1.05,,3d,,,,,,,,monkey_land_vox,,,,,,,,,,,,,,,80,95,0.25,1,,
monkey_land_gravel,SFX\Weapon\Special\Satchel_charge\satchel_plant.wav,,,0.9,1,50,1300,,,,,character,,curve2,,1500,,curve3,0.9,1.05,,3d,,,,,,,,monkey_land_vox,,,,,,,,,,,,,,,80,95,0.25,1,,
monkey_land_ice,SFX\Weapon\Special\Satchel_charge\satchel_plant.wav,,,0.9,1,50,1300,,,,,character,,curve2,,1500,,curve3,0.9,1.05,,3d,,,,,,,,monkey_land_vox,,,,,,,,,,,,,,,80,95,0.25,1,,
monkey_land_metal,SFX\Weapon\Special\Satchel_charge\satchel_plant.wav,,,0.9,1,50,1300,,,,,character,,curve2,,1500,,curve3,0.9,1.05,,3d,,,,,,,,monkey_land_vox,,,,,,,,,,,,,,,80,95,0.25,1,,
monkey_land_mud,SFX\Weapon\Special\Satchel_charge\satchel_plant.wav,,,0.9,1,50,1300,,,,,character,,curve2,,1500,,curve3,0.9,1.05,,3d,,,,,,,,monkey_land_vox,,,,,,,,,,,,,,,80,95,0.25,1,,
monkey_land_paper,SFX\Weapon\Special\Satchel_charge\satchel_plant.wav,,,0.9,1,50,1300,,,,,character,,curve2,,1500,,curve3,0.9,1.05,,3d,,,,,,,,monkey_land_vox,,,,,,,,,,,,,,,80,95,0.25,1,,
monkey_land_plaster,SFX\Weapon\Special\Satchel_charge\satchel_plant.wav,,,0.9,1,50,1300,,,,,character,,curve2,,1500,,curve3,0.9,1.05,,3d,,,,,,,,monkey_land_vox,,,,,,,,,,,,,,,80,95,0.25,1,,
monkey_land_sand,SFX\Weapon\Special\Satchel_charge\satchel_plant.wav,,,0.9,1,50,1300,,,,,character,,curve2,,1500,,curve3,0.9,1.05,,3d,,,,,,,,monkey_land_vox,,,,,,,,,,,,,,,80,95,0.25,1,,
monkey_land_snow,SFX\Weapon\Special\Satchel_charge\satchel_plant.wav,,,0.9,1,50,1300,,,,,character,,curve2,,1500,,curve3,0.9,1.05,,3d,,,,,,,,monkey_land_vox,,,,,,,,,,,,,,,80,95,0.25,1,,
monkey_land_water,SFX\Weapon\Special\Satchel_charge\satchel_plant.wav,,,0.9,1,50,1300,,,,,character,,curve2,,1500,,curve3,0.9,1.05,,3d,,,,,,,,monkey_land_vox,,,,,,,,,,,,,,,80,95,0.25,1,,
monkey_land_asphalt,SFX\Weapon\Special\Satchel_charge\satchel_plant.wav,,,0.9,1,50,1300,,,,,character,,curve2,,1500,,curve3,0.9,1.05,,3d,,,,,,,,monkey_land_vox,,,,,,,,,,,,,,,80,95,0.25,1,,
monkey_land_ceramic,SFX\Weapon\Special\Satchel_charge\satchel_plant.wav,,,0.9,1,50,1300,,,,,character,,curve2,,1500,,curve3,0.9,1.05,,3d,,,,,,,,monkey_land_vox,,,,,,,,,,,,,,,80,95,0.25,1,,
monkey_land_plastic,SFX\Weapon\Special\Satchel_charge\satchel_plant.wav,,,0.9,1,50,1300,,,,,character,,curve2,,1500,,curve3,0.9,1.05,,3d,,,,,,,,monkey_land_vox,,,,,,,,,,,,,,,80,95,0.25,1,,
monkey_land_rubber,SFX\Weapon\Special\Satchel_charge\satchel_plant.wav,,,0.9,1,50,1300,,,,,character,,curve2,,1500,,curve3,0.9,1.05,,3d,,,,,,,,monkey_land_vox,,,,,,,,,,,,,,,80,95,0.25,1,,
monkey_land_cushion,SFX\Weapon\Special\Satchel_charge\satchel_plant.wav,,,0.9,1,50,1300,,,,,character,,curve2,,1500,,curve3,0.9,1.05,,3d,,,,,,,,monkey_land_vox,,,,,,,,,,,,,,,80,95,0.25,1,,
monkey_land_fruit,SFX\Weapon\Special\Satchel_charge\satchel_plant.wav,,,0.9,1,50,1300,,,,,character,,curve2,,1500,,curve3,0.9,1.05,,3d,,,,,,,,monkey_land_vox,,,,,,,,,,,,,,,80,95,0.25,1,,
monkey_land_paintedmetal,SFX\Weapon\Special\Satchel_charge\satchel_plant.wav,,,0.9,1,50,1300,,,,,character,,curve2,,1500,,curve3,0.9,1.05,,3d,,,,,,,,monkey_land_vox,,,,,,,,,,,,,,,80,95,0.25,1,,
,,,,,,,,,,,,,,,,,,,,,,,,,,,,,,,,,,,,,,,,,,,,,,,,,,
monkey_throw,SFX/Weapon/Gren/Pull_Throw/gren_throw.wav,,,0.9,1,200,300,,,,,reload,,curve2,,,,curve3,0.9,1.1,,3d,,,,,,,,monkey_throw_vox,,,,,,,,,,,,,,,90,90,0.25,1,,
monkey_song,sfx/weapon/monkey/monkey_song_00.wav,,1,0.8,0.8,100,2500,,,,,full_vol,,curve3,0.75,3500,,curve3,1,1,,3d,,,,,,,,,,,,,,,,,0.3,,,,,,40,80,0.25,1,,
monkey_song,sfx/weapon/monkey/monkey_song_01.wav,,2,0.8,0.8,100,2500,,,,,full_vol,,curve3,0.75,3500,,curve3,1,1,,3d,,,,,,,,,,,,,,,,,0.3,,,,,,40,80,0.25,1,,
monkey_song,sfx/weapon/monkey/monkey_song_02.wav,,3,0.8,0.8,100,2500,,,,,full_vol,,curve3,0.75,3500,,curve3,1,1,,3d,,,,,,,,,,,,,,,,,0.3,,,,,,40,80,0.25,1,,
,,,,,,,,,,,,,,,,,,,,,,,,,,,,,,,,,,,,,,,,,,,,,,,,,,
# VOX,,,,,,,,,,,,,,,,,,,,,,,,,,,,,,,,,,,,,,,,,,,,,,,,,,
monkey_land_vox,voiceovers\zombie\monkey\land\land_00.wav,,1,1,1,100,2500,,,1,reject,voice,,curve3,0.75,3500,,curve3,0.95,1.05,,3d,,,,,,,,,,,,,,,,,0.3,,,,,,40,80,0.25,1,,
monkey_land_vox,voiceovers\zombie\monkey\land\land_01.wav,,2,1,1,100,2500,,,1,reject,voice,,curve3,0.75,3500,,curve3,0.95,1.05,,3d,,,,,,,,,,,,,,,,,0.3,,,,,,40,80,0.25,1,,
monkey_land_vox,voiceovers\zombie\monkey\land\land_02.wav,,3,1,1,100,2500,,,1,reject,voice,,curve3,0.75,3500,,curve3,0.95,1.05,,3d,,,,,,,,,,,,,,,,,0.3,,,,,,40,80,0.25,1,,
monkey_land_vox,voiceovers\zombie\monkey\land\land_03.wav,,4,1,1,100,2500,,,1,reject,voice,,curve3,0.75,3500,,curve3,0.95,1.05,,3d,,,,,,,,,,,,,,,,,0.3,,,,,,40,80,0.25,1,,
monkey_raise_vox_plr,voiceovers\zombie\monkey\raise_vox\raise_vox_00.wav,,1,1,1,,,,,,,voice,,,,,,,1,1,,2d,,,,,,,,,,,,,1,,,,,,,,,,40,80,0.25,1,,
monkey_raise_vox_plr,voiceovers\zombie\monkey\raise_vox\raise_vox_01.wav,,2,1,1,,,,,,,voice,,,,,,,1,1,,2d,,,,,,,,,,,,,1,,,,,,,,,,40,80,0.25,1,,
monkey_raise_vox_plr,voiceovers\zombie\monkey\raise_vox\raise_vox_02.wav,,3,1,1,,,,,,,voice,,,,,,,1,1,,2d,,,,,,,,,,,,,1,,,,,,,,,,40,80,0.25,1,,
monkey_raise_vox_plr,voiceovers\zombie\monkey\raise_vox\raise_vox_03.wav,,4,1,1,,,,,,,voice,,,,,,,1,1,,2d,,,,,,,,,,,,,1,,,,,,,,,,40,80,0.25,1,,
monkey_raise_vox_plr,voiceovers\zombie\monkey\raise_vox\raise_vox_04.wav,,5,1,1,,,,,,,voice,,,,,,,1,1,,2d,,,,,,,,,,,,,1,,,,,,,,,,40,80,0.25,1,,
monkey_raise_vox_plr,voiceovers\zombie\monkey\raise_vox\raise_vox_05.wav,,6,1,1,,,,,,,voice,,,,,,,1,1,,2d,,,,,,,,,,,,,1,,,,,,,,,,40,80,0.25,1,,
monkey_raise_vox_plr,voiceovers\zombie\monkey\raise_vox\raise_vox_06.wav,,7,1,1,,,,,,,voice,,,,,,,1,1,,2d,,,,,,,,,,,,,1,,,,,,,,,,40,80,0.25,1,,
monkey_raise_vox_plr,voiceovers\zombie\monkey\raise_vox\raise_vox_07.wav,,8,1,1,,,,,,,voice,,,,,,,1,1,,2d,,,,,,,,,,,,,1,,,,,,,,,,40,80,0.25,1,,
monkey_raise_vox_plr,voiceovers\zombie\monkey\raise_vox\raise_vox_08.wav,,9,1,1,,,,,,,voice,,,,,,,1,1,,2d,,,,,,,,,,,,,1,,,,,,,,,,40,80,0.25,1,,
monkey_raise_vox_plr,voiceovers\zombie\monkey\raise_vox\raise_vox_09.wav,,10,1,1,,,,,,,voice,,,,,,,1,1,,2d,,,,,,,,,,,,,1,,,,,,,,,,40,80,0.25,1,,
monkey_raise_vox_plr,voiceovers\zombie\monkey\raise_vox\raise_vox_10.wav,,11,1,1,,,,,,,voice,,,,,,,1,1,,2d,,,,,,,,,,,,,1,,,,,,,,,,40,80,0.25,1,,
monkey_raise_vox_plr,voiceovers\zombie\monkey\raise_vox\raise_vox_11.wav,,12,1,1,,,,,,,voice,,,,,,,1,1,,2d,,,,,,,,,,,,,1,,,,,,,,,,40,80,0.25,1,,
monkey_throw_vox,voiceovers\zombie\monkey\throw\throw_00.wav,,1,1,1,100,2500,,,,,voice,,curve3,0.75,3500,,curve3,1,1,,3d,,,,,,,,gear_player,,,,,,,,,0.3,,,,,,40,80,0.25,1,,
monkey_throw_vox,voiceovers\zombie\monkey\throw\throw_01.wav,,2,1,1,100,2500,,,,,voice,,curve3,0.75,3500,,curve3,1,1,,3d,,,,,,,,gear_player,,,,,,,,,0.3,,,,,,40,80,0.25,1,,
monkey_throw_vox,voiceovers\zombie\monkey\throw\throw_02.wav,,3,1,1,100,2500,,,,,voice,,curve3,0.75,3500,,curve3,1,1,,3d,,,,,,,,gear_player,,,,,,,,,0.3,,,,,,40,80,0.25,1,,
monkey_throw_vox,voiceovers\zombie\monkey\throw\throw_03.wav,,4,1,1,100,2500,,,,,voice,,curve3,0.75,3500,,curve3,1,1,,3d,,,,,,,,gear_player,,,,,,,,,0.3,,,,,,40,80,0.25,1,,
monkey_explo_vox,voiceovers\zombie\monkey\explo_vox\explo_vox_00.wav,,1,1,1,300,2500,,,,,voice,,curve3,0.75,3500,,curve3,1,1,,3d,,,,,,,,,,,,,,,,,0.3,,,,,,40,80,0.25,1,,
monkey_explo_vox,voiceovers\zombie\monkey\explo_vox\explo_vox_01.wav,,2,1,1,300,2500,,,,,voice,,curve3,0.75,3500,,curve3,1,1,,3d,,,,,,,,,,,,,,,,,0.3,,,,,,40,80,0.25,1,,
monkey_explo_vox,voiceovers\zombie\monkey\explo_vox\explo_vox_02.wav,,3,1,1,300,2500,,,,,voice,,curve3,0.75,3500,,curve3,1,1,,3d,,,,,,,,,,,,,,,,,0.3,,,,,,40,80,0.25,1,,
monkey_explo_vox,voiceovers\zombie\monkey\explo_vox\explo_vox_03.wav,,4,1,1,300,2500,,,,,voice,,curve3,0.75,3500,,curve3,1,1,,3d,,,,,,,,,,,,,,,,,0.3,,,,,,40,80,0.25,1,,
monkey_explo_vox,voiceovers\zombie\monkey\explo_vox\explo_vox_04.wav,,5,1,1,300,2500,,,,,voice,,curve3,0.75,3500,,curve3,1,1,,3d,,,,,,,,,,,,,,,,,0.3,,,,,,40,80,0.25,1,,
monkey_explo_vox,voiceovers\zombie\monkey\explo_vox\explo_vox_05.wav,,6,1,1,300,2500,,,,,voice,,curve3,0.75,3500,,curve3,1,1,,3d,,,,,,,,,,,,,,,,,0.3,,,,,,40,80,0.25,1,,
monkey_explo_vox,voiceovers\zombie\monkey\explo_vox\explo_vox_06.wav,,7,1,1,300,2500,,,,,voice,,curve3,0.75,3500,,curve3,1,1,,3d,,,,,,,,,,,,,,,,,0.3,,,,,,40,80,0.25,1,,
monkey_explo_vox,voiceovers\zombie\monkey\explo_vox\explo_vox_07.wav,,8,1,1,300,2500,,,,,voice,,curve3,0.75,3500,,curve3,1,1,,3d,,,,,,,,,,,,,,,,,0.3,,,,,,40,80,0.25,1,,
monkey_explo_vox,voiceovers\zombie\monkey\explo_vox\explo_vox_08.wav,,9,1,1,300,2500,,,,,voice,,curve3,0.75,3500,,curve3,1,1,,3d,,,,,,,,,,,,,,,,,0.3,,,,,,40,80,0.25,1,,
monkey_explo_vox,voiceovers\zombie\monkey\explo_vox\explo_vox_09.wav,,10,1,1,300,2500,,,,,voice,,curve3,0.75,3500,,curve3,1,1,,3d,,,,,,,,,,,,,,,,,0.3,,,,,,40,80,0.25,1,,
monkey_explo_vox,voiceovers\zombie\monkey\explo_vox\explo_vox_10.wav,,11,1,1,300,2500,,,,,voice,,curve3,0.75,3500,,curve3,1,1,,3d,,,,,,,,,,,,,,,,,0.3,,,,,,40,80,0.25,1,,
monkey_explo_vox,voiceovers\zombie\monkey\explo_vox\explo_vox_11.wav,,12,1,1,300,2500,,,,,voice,,curve3,0.75,3500,,curve3,1,1,,3d,,,,,,,,,,,,,,,,,0.3,,,,,,40,80,0.25,1,,
,,,,,,,,,,,,,,,,,,,,,,,,,,,,,,,,,,,,,,,,,,,,,,,,,,
monkey_scream_vox,voiceovers\zombie\monkey\monkey_scream_vox_00.wav,,1,1,1,300,2500,,,,,voice,,curve3,0.75,3500,,curve3,1,1,,3d,,,,,,,,,,,,,,,,,0.3,,,,,,40,80,0.25,1,,
,,,,,,,,,,,,,,,,,,,,,,,,,,,,,,,,,,,,,,,,,,,,,,,,,,
zombie_groan_monkey,voiceovers\zombie\monkey\groan\groan_00.wav,,1,1,1,150,1500,3,priority,1,reject,voice,,curve3,0.8,3500,,curve1,1,1.1,,3d,,,,0.7,,,,,,,,,,,,,0.5,,,,,,10,25,0.25,1,,
zombie_groan_monkey,voiceovers\zombie\monkey\groan\groan_01.wav,,2,1,1,150,1500,3,priority,1,reject,voice,,curve3,0.8,3500,,curve1,1,1.1,,3d,,,,0.7,,,,,,,,,,,,,0.5,,,,,,10,25,0.25,1,,
zombie_groan_monkey,voiceovers\zombie\monkey\groan\groan_02.wav,,3,1,1,150,1500,3,priority,1,reject,voice,,curve3,0.8,3500,,curve1,1,1.1,,3d,,,,0.7,,,,,,,,,,,,,0.5,,,,,,10,25,0.25,1,,
zombie_groan_monkey,voiceovers\zombie\monkey\groan\groan_03.wav,,4,1,1,150,1500,3,priority,1,reject,voice,,curve3,0.8,3500,,curve1,1,1.1,,3d,,,,0.7,,,,,,,,,,,,,0.5,,,,,,10,25,0.25,1,,
zombie_groan_monkey,voiceovers\zombie\monkey\groan\groan_04.wav,,5,1,1,150,1500,3,priority,1,reject,voice,,curve3,0.8,3500,,curve1,1,1.1,,3d,,,,0.7,,,,,,,,,,,,,0.5,,,,,,10,25,0.25,1,,
zombie_groan_monkey,voiceovers\zombie\monkey\groan\groan_05.wav,,6,1,1,150,1500,3,priority,1,reject,voice,,curve3,0.8,3500,,curve1,1,1.1,,3d,,,,0.7,,,,,,,,,,,,,0.5,,,,,,10,25,0.25,1,,
zombie_groan_monkey,voiceovers\zombie\monkey\groan\groan_06.wav,,7,1,1,150,1500,3,priority,1,reject,voice,,curve3,0.8,3500,,curve1,1,1.1,,3d,,,,0.7,,,,,,,,,,,,,0.5,,,,,,10,25,0.25,1,,
zombie_groan_monkey,voiceovers\zombie\monkey\groan\groan_07.wav,,8,1,1,150,1500,3,priority,1,reject,voice,,curve3,0.8,3500,,curve1,1,1.1,,3d,,,,0.7,,,,,,,,,,,,,0.5,,,,,,10,25,0.25,1,,
zombie_groan_monkey,voiceovers\zombie\monkey\groan\groan_08.wav,,9,1,1,150,1500,3,priority,1,reject,voice,,curve3,0.8,3500,,curve1,1,1.1,,3d,,,,0.7,,,,,,,,,,,,,0.5,,,,,,10,25,0.25,1,,
zombie_groan_monkey,voiceovers\zombie\monkey\groan\groan_09.wav,,10,1,1,150,1500,3,priority,1,reject,voice,,curve3,0.8,3500,,curve1,1,1.1,,3d,,,,0.7,,,,,,,,,,,,,0.5,,,,,,10,25,0.25,1,,
zombie_groan_monkey,SFX\Levels\zombie\new_zombie_vox\ambient\ambient_00.wav,,11,1,1,150,1500,3,priority,1,reject,voice,,curve3,0.8,3500,,curve1,1,1.1,,3d,,,,0.7,,,,,,,,,,,,,0.5,,,,,,10,25,0.25,1,,
zombie_groan_monkey,SFX\Levels\zombie\new_zombie_vox\ambient\ambient_01.wav,,12,1,1,150,1500,3,priority,1,reject,voice,,curve3,0.8,3500,,curve1,1,1.1,,3d,,,,0.7,,,,,,,,,,,,,0.5,,,,,,10,25,0.25,1,,
zombie_groan_monkey,SFX\Levels\zombie\new_zombie_vox\ambient\ambient_02.wav,,13,1,1,150,1500,3,priority,1,reject,voice,,curve3,0.8,3500,,curve1,1,1.1,,3d,,,,0.7,,,,,,,,,,,,,0.5,,,,,,10,25,0.25,1,,
zombie_groan_monkey,SFX\Levels\zombie\new_zombie_vox\ambient\ambient_03.wav,,14,1,1,150,1500,3,priority,1,reject,voice,,curve3,0.8,3500,,curve1,1,1.1,,3d,,,,0.7,,,,,,,,,,,,,0.5,,,,,,10,25,0.25,1,,
zombie_groan_monkey,SFX\Levels\zombie\new_zombie_vox\ambient\ambient_04.wav,,15,1,1,150,1500,3,priority,1,reject,voice,,curve3,0.8,3500,,curve1,1,1.1,,3d,,,,0.7,,,,,,,,,,,,,0.5,,,,,,10,25,0.25,1,,
zombie_groan_monkey,SFX\Levels\zombie\new_zombie_vox\ambient\ambient_05.wav,,16,1,1,150,1500,3,priority,1,reject,voice,,curve3,0.8,3500,,curve1,1,1.1,,3d,,,,0.7,,,,,,,,,,,,,0.5,,,,,,10,25,0.25,1,,
zombie_groan_monkey,SFX\Levels\zombie\new_zombie_vox\taunt\taunt_00.wav,,17,1,1,150,1500,3,priority,1,reject,voice,,curve3,0.8,3500,,curve1,1,1.1,,3d,,,,0.7,,,,,,,,,,,,,0.5,,,,,,10,25,0.25,1,,
zombie_groan_monkey,SFX\Levels\zombie\new_zombie_vox\taunt\taunt_01.wav,,18,1,1,150,1500,3,priority,1,reject,voice,,curve3,0.8,3500,,curve1,1,1.1,,3d,,,,0.7,,,,,,,,,,,,,0.5,,,,,,10,25,0.25,1,,
zombie_groan_monkey,SFX\Levels\zombie\new_zombie_vox\taunt\taunt_02.wav,,19,1,1,150,1500,3,priority,1,reject,voice,,curve3,0.8,3500,,curve1,1,1.1,,3d,,,,0.7,,,,,,,,,,,,,0.5,,,,,,10,25,0.25,1,,
zombie_groan_monkey,SFX\Levels\zombie\new_zombie_vox\taunt\taunt_03.wav,,20,1,1,150,1500,3,priority,1,reject,voice,,curve3,0.8,3500,,curve1,1,1.1,,3d,,,,0.7,,,,,,,,,,,,,0.5,,,,,,10,25,0.25,1,,
zombie_groan_monkey,SFX\Levels\zombie\new_zombie_vox\taunt\taunt_04.wav,,21,1,1,150,1500,3,priority,1,reject,voice,,curve3,0.8,3500,,curve1,1,1.1,,3d,,,,0.7,,,,,,,,,,,,,0.5,,,,,,10,25,0.25,1,,
zombie_groan_monkey,SFX\Levels\zombie\new_zombie_vox\taunt\taunt_05.wav,,22,1,1,150,1500,3,priority,1,reject,voice,,curve3,0.8,3500,,curve1,1,1.1,,3d,,,,0.7,,,,,,,,,,,,,0.5,,,,,,10,25,0.25,1,,
zombie_groan_monkey,SFX\Levels\zombie\new_zombie_vox\taunt\taunt_06.wav,,23,1,1,150,1500,3,priority,1,reject,voice,,curve3,0.8,3500,,curve1,1,1.1,,3d,,,,0.7,,,,,,,,,,,,,0.5,,,,,,10,25,0.25,1,,
,,,,,,,,,,,,,,,,,,,,,,,,,,,,,,,,,,,,,,,,,,,,,,,,,,
# Bump Triggers,,,,,,,,,,,,,,,,,,,,,,,,,,,,,,,,,,,,,,,,,,,,,,,,,,
cage_rattle,SFX\Levels\zombie\bump\cage_##,,,0.75,0.75,100,800,2,reject,,,full_vol,,curve3,,,,,0.95,1.1,,3d,,,,,,,,,,,,,,50,100,0.5,0.1,,,,,,5,25,0.25,0.75,,
perks_rattle,SFX\Levels\zombie\bump\vend_##,,,0.75,0.75,100,800,2,reject,,,full_vol,,curve3,,,,,0.95,1.1,,3d,,,,,,,,,,,,,,50,100,0.5,0.1,,,,,,5,25,0.25,0.75,,
pots_rattle,SFX\Levels\zombie\bump\pots_##,,,0.75,0.75,100,800,2,reject,,,full_vol,,curve3,,,,,0.95,1.1,,3d,,,,,,,,,,,,,,50,100,0.5,0.1,,,,,,5,25,0.25,0.75,,
shelf_rattle,SFX\Levels\zombie\bump\shelf_##,,,0.75,0.75,100,800,2,reject,,,full_vol,,curve3,,,,,0.95,1.1,,3d,,,,,,,,,,,,,,50,100,0.5,0.1,,,,,,5,25,0.25,0.75,,
filecabinate_rattle,SFX\Levels\zombie\bump\file_cab_##,,,0.75,0.75,100,800,2,reject,,,full_vol,,curve3,,,,,0.95,1.1,,3d,,,,,,,,,,,,,,50,100,0.5,0.1,,,,,,5,25,0.25,0.75,,
desk_rattle,SFX\Levels\zombie\bump\desk_##,,,0.75,0.75,100,800,2,reject,,,full_vol,,curve3,,,,,0.95,1.1,,3d,,,,,,,,,,,,,,50,100,0.5,0.1,,,,,,5,25,0.25,0.75,,
stretcher_rattle,SFX\Levels\zombie\bump\stretcher_##,,,0.75,0.75,100,800,2,reject,,,full_vol,,curve3,,,,,0.95,1.1,,3d,,,,,,,,,,,,,,50,100,0.5,0.1,,,,,,5,25,0.25,0.75,,
cupboard_rattle,SFX\Levels\zombie\bump\cupboard_##,,,0.75,0.75,100,800,2,reject,,,full_vol,,curve3,,,,,0.95,1.1,,3d,,,,,,,,,,,,,,50,100,0.5,0.1,,,,,,5,25,0.25,0.75,,
barrel_rattle,SFX\Levels\zombie\bump\barrel_##,,,0.75,0.75,100,800,2,reject,,,full_vol,,curve3,,,,,0.95,1.1,,3d,,,,,,,,,,,,,,50,100,0.5,0.1,,,,,,5,25,0.25,0.75,,
,,,,,,,,,,,,,,,,,,,,,,,,,,,,,,,,,,,,,,,,,,,,,,,,,,
# Bowie Knife,,,,,,,,,,,,,,,,,,,,,,,,,,,,,,,,,,,,,,,,,,,,,,,,,,
bowie_swing,sfx\weapon\bowie\bowie_swing_##,,,0.9,1,100,100,,,,,full_vol,,,,,,,0.9,1.1,,3d,,,,,,,,,,,wpn_all,0.3,1,,,,,,,,,,90,90,0.25,1,,
bowie_stab,sfx\weapon\bowie\bowie_stab_##,,,0.9,1,100,100,,,,,full_vol,,,,,,,0.9,1.1,,3d,,,,,,,,,,,wpn_all,0.3,1,,,,,,,,,,90,90,0.25,1,,
bowie_pull,SFX\Weapon\knife\knife_pull_##,,,0.9,1,100,100,,,,,full_vol,,,,,,,0.9,1.1,,3d,,,,,,,,,,,wpn_all,0.3,1,,,,,,,,,,90,90,0.25,1,,
,,,,,,,,,,,,,,,,,,,,,,,,,,,,,,,,,,,,,,,,,,,,,,,,,,
bowie_start,sfx\weapon\bowie\bowie_start.wav,,,1,1,,,,,,,full_vol,,,0.8,,,,1,1,,2d,,,,,,,,,,,wpn_all,0.2,,,,,,,,,,,90,90,0.25,1,,
bowie_turn,sfx\weapon\bowie\bowie_turn.wav,,,0.75,0.75,,,,,,,full_vol,,,0.8,,,,1,1,,2d,,,,,,,,,,,wpn_all,0.2,,,,,,,,,,,90,90,0.25,1,,
bowie_toss,sfx\weapon\bowie\bowie_toss.wav,,,1,1,,,,,,,full_vol,,,0.8,,,,1,1,,2d,,,,,,,,,,,wpn_all,0.2,,,,,,,,,,,90,90,0.25,1,,
bowie_catch,sfx\weapon\bowie\bowie_catch.wav,,,1,1,,,,,,,full_vol,,,0.8,,,,1,1,,2d,,,,,,,,,,,wpn_all,0.2,,,,,,,,,,,90,90,0.25,1,,
,,,,,,,,,,,,,,,,,,,,,,,,,,,,,,,,,,,,,,,,,,,,,,,,,,
zombie_impact_helmet,SFX\projectile\bullet\headshot\helmet_##,,,0.7,0.7,750,1500,4,priority,,,full_vol,,curve2,0.55,2000,,log2,0.9,1.1,,3d,,,,0.8,,,,,,,,,,,,,0.1,,,,,,40,80,0.35,0.8,,
mx_jugger_old_jingle,SFX\Levels\zombie\perksacola\jingle\jugga_old_jingle.wav,,,1,1,50,500,,,,,full_vol,,,0.8,1800,,curve0,1,1,,3d,streamed,,,,,,,,,,,,,100,200,0.5,0.25,,,,,,90,90,0.25,1,,
mx_jugger_old_sting,custom\jugga_old_sting.wav,,,1,1,50,800,,,,,full_vol,,,0.8,1800,,curve0,1,1,,3d,,,,,,,,,,,,,,100,200,0.5,0.15,,,,,,90,90,0.25,1,,